predicted_rank,player,position,predicted_vor,actual_2025_points,actual_2025_rank
1,Christian McCaffrey,RB,8.7911,40.3,346
2,CeeDee Lamb,WR,8.762,212.9,43
3,Tyreek Hill,WR,7.393,177.7,74
4,Josh Allen,QB,7.2856,385.04,2
5,Amon-Ra St. Brown,WR,6.3066,258.68,25
6,Breece Hall,RB,5.0646,212.4,44
7,Jalen Hurts,QB,4.9008,320.12,12
8,Travis Etienne,RB,4.604,110.7,170
9,Joe Mixon,RB,4.3509,222.5,38
10,Davante Adams,WR,4.2976,198.8,53
11,Justin Jefferson,WR,4.2393,265.98,22
12,Puka Nacua,WR,4.0483,167.1,85
13,A.J. Brown,WR,3.9775,183.4,66
14,Kyren Williams,RB,3.9566,255.1,26
15,Rachaad White,RB,3.9443,174.1,79
16,Brandon Aiyuk,WR,3.8029,49.9,314
17,DJ Moore,WR,3.7903,189.1,58
18,Deebo Samuel Sr.,WR,3.7465,128.1,137
19,Mike Evans,WR,3.7075,203.4,48
20,Derrick Henry,RB,3.6757,326.9,11
21,Ja'Marr Chase,WR,3.421,339.5,6
22,Bijan Robinson,RB,3.3871,311.2,14
23,James Cook,RB,3.27,250.7,27
24,Patrick Mahomes,QB,3.2208,293.52,16
25,Raheem Mostert,RB,3.1946,61.4,289
26,Sam LaPorta,TE,3.1142,144.6,110
27,Chris Olave,WR,3.0592,60.7,292
28,Stefon Diggs,WR,3.0459,98.42,207
29,Lamar Jackson,QB,3.0156,434.38,1
30,Nico Collins,WR,3.005,176.6,75
31,Jahmyr Gibbs,RB,2.9476,336.9,8
32,Saquon Barkley,RB,2.9077,338.8,7
33,Tony Pollard,RB,2.8186,180.2,69
34,DeVonta Smith,WR,2.8039,165.4,88
35,Travis Kelce,TE,2.7762,146.9,109
36,Amari Cooper,WR,2.7701,100.7,202
37,Jaylen Waddle,WR,2.737,120.6,148
38,James Conner,RB,2.7014,230.3,34
39,Dak Prescott,QB,2.6823,124.52,143
40,T.J. Hockenson,TE,2.6801,66.0,277
41,Keenan Allen,WR,2.6591,150.4,105
42,George Kittle,TE,2.648,197.6,54
43,DK Metcalf,WR,2.6218,158.2,97
44,DAL D/ST,DEF,2.5499,110.0,173
45,Isiah Pacheco,RB,2.5034,50.9,312
46,Michael Pittman,WR,2.4728,131.3,134
47,Evan Engram,TE,2.2545,66.0,276
48,Kenneth Walker III,RB,2.23,158.2,98
49,Josh Jacobs,RB,2.2193,275.1,20
50,Jayden Reed,WR,2.1279,169.5,83
51,Austin Ekeler,RB,2.0855,114.8,161
52,George Pickens,WR,2.0759,134.9,126
53,Najee Harris,RB,2.0154,186.6,63
54,BUF D/ST,DEF,1.8684,131.0,135
55,Alvin Kamara,RB,1.7845,231.3,32
56,David Njoku,TE,1.767,116.5,158
57,BAL D/ST,DEF,1.7634,122.0,146
58,David Montgomery,RB,1.7433,203.72,47
59,MIA D/ST,DEF,1.6848,79.0,253
60,Brandon Aubrey,K,1.677,185.0,65
61,Trevor Lawrence,QB,1.6102,152.2,103
62,Rashee Rice,WR,1.5609,52.9,305
63,De'Von Achane,RB,1.5404,260.9,23
64,SF D/ST,DEF,1.4951,83.0,247
65,Garrett Wilson,WR,1.4631,201.4,50
66,Brian Robinson,RB,1.4502,149.8,106
67,Jakobi Meyers,WR,1.426,174.5,78
68,D'Andre Swift,RB,1.4018,193.5,56
69,Brock Purdy,QB,1.3615,278.86,19
70,Jonathan Taylor,RB,1.3409,235.7,30
71,Trey McBride,TE,1.3366,188.3,60
72,Jerome Ford,RB,1.1958,115.5,160
73,Chris Godwin Jr.,WR,1.1894,112.8,165
74,Jared Goff,QB,1.1862,335.96,9
75,Cole Kmet,TE,1.1725,96.9,212
76,Devin Singletary,RB,1.1685,86.1,241
77,Zay Flowers,WR,1.1633,172.5,81
78,Terry McLaurin,WR,1.1037,226.8,36
79,Jordan Addison,WR,1.1028,181.0,68
80,LV D/ST,DEF,1.1016,64.0,283
81,Cameron Dicker,K,1.1012,173.0,80
82,Jaylen Warren,RB,1.096,105.1,191
83,Calvin Ridley,WR,1.0771,167.2,84
84,Mark Andrews,TE,1.0482,161.3,91
85,Tyler Lockett,WR,0.8471,96.5,213
86,Justin Tucker,K,0.8129,133.0,127
87,KC D/ST,DEF,0.7884,106.0,188
88,Tank Dell,WR,0.7691,114.5,164
89,Rhamondre Stevenson,RB,0.7375,159.4,96
90,Jake Ferguson,TE,0.7344,74.9,262
91,Chuba Hubbard,RB,0.7216,220.1,40
92,DeAndre Hopkins,WR,0.7096,119.0,154
93,Jordan Love,QB,0.6836,244.86,28
94,Jason Sanders,K,0.6714,160.0,94
95,NYJ D/ST,DEF,0.6222,92.0,219
96,Gus Edwards,RB,0.5783,62.6,287
97,Cooper Kupp,WR,0.5714,141.5,119
98,Jason Myers,K,0.5608,133.0,128
99,Drake London,WR,0.5163,230.8,33
100,Ezekiel Elliott,RB,0.5031,51.5,310
101,Cairo Santos,K,0.4878,104.0,194
102,Matt Gay,K,0.4621,133.0,129
103,Evan McPherson,K,0.4122,87.0,237
104,NE D/ST,DEF,0.4012,61.0,290
105,Jake Elliott,K,0.3864,132.0,131
106,Blake Grupe,K,0.3469,125.0,141
107,Tee Higgins,WR,0.3419,185.6,64
108,IND D/ST,DEF,0.3194,89.0,231
109,Taysom Hill,TE,0.311,91.84,221
110,C.J. Stroud,QB,0.3102,232.38,31
111,Tua Tagovailoa,QB,0.301,188.58,59
112,Adam Thielen,WR,0.271,115.5,159
113,Malik Nabers,WR,0.2249,219.1,41
114,NO D/ST,DEF,0.2127,96.0,215
115,Dalton Schultz,TE,0.2124,91.7,222
116,Harrison Butker,K,0.211,94.0,216
117,Justin Fields,QB,0.2072,120.14,149
118,Christian Kirk,WR,0.1223,57.4,295
119,Daniel Carlson,K,0.024,137.0,122
120,NYG D/ST,DEF,0.0039,89.0,232
121,Justin Herbert,QB,0.0,288.4,17
122,MIN D/ST,DEF,0.0,161.0,93
123,Courtland Sutton,WR,0.0,199.8,52
124,Tyler Allgeier,RB,0.0,99.7,205
125,Tyler Bass,K,0.0,136.0,124
126,Dalton Kincaid,TE,0.0,78.8,254
127,Gabe Davis,WR,-0.0193,43.9,336
128,Rashid Shaheed,WR,-0.0462,69.8,271
129,Aaron Jones,RB,-0.0505,216.1,42
130,Chase McLaughlin,K,-0.0553,160.0,95
131,GB D/ST,DEF,-0.0657,144.0,113
132,CLE D/ST,DEF,-0.071,75.0,261
133,Tyjae Spears,RB,-0.0909,98.6,206
134,Romeo Doubs,WR,-0.0968,109.1,176
135,Jonathon Brooks,RB,-0.1011,6.0,521
136,TB D/ST,DEF,-0.1095,104.0,195
137,HOU D/ST,DEF,-0.1532,139.0,120
138,Younghoe Koo,K,-0.2801,111.0,169
139,CHI D/ST,DEF,-0.3234,120.0,151
140,Jake Moody,K,-0.3535,107.0,184
141,Dallas Goedert,TE,-0.356,82.6,249
142,Russell Wilson,QB,-0.3595,177.78,73
143,Diontae Johnson,WR,-0.3711,72.6,263
144,PIT D/ST,DEF,-0.3719,143.0,116
145,Rome Odunze,WR,-0.3898,117.9,156
146,Javonte Williams,RB,-0.4412,131.9,133
147,Greg Zuerlein,K,-0.4457,34.0,359
148,Xavier Worthy,WR,-0.4738,157.7,99
149,CIN D/ST,DEF,-0.4928,102.0,197
150,Anders Carlson,K,-0.4952,57.0,296
151,Wil Lutz,K,-0.541,157.0,100
152,Isaiah Likely,TE,-0.5436,102.7,196
153,Brandin Cooks,WR,-0.5455,56.6,298
154,SEA D/ST,DEF,-0.5733,133.0,130
155,Darius Slayton,WR,-0.5878,90.5,225
156,LAC D/ST,DEF,-0.6073,124.0,145
157,Brandon McManus,K,-0.6173,98.0,208
158,Marvin Harrison Jr.,WR,-0.62,165.5,87
159,Ka'imi Fairbairn,K,-0.6459,164.0,89
160,Brian Thomas,WR,-0.6589,,
161,JAX D/ST,DEF,-0.6763,71.0,269
162,Chig Okonkwo,TE,-0.7171,87.6,235
163,Jerry Jeudy,WR,-0.7202,195.9,55
164,Kyle Pitts,TE,-0.7412,107.7,180
165,PHI D/ST,DEF,-0.7731,131.0,136
166,Baker Mayfield,QB,-0.7893,381.8,4
167,Geno Smith,QB,-0.8348,281.0,18
168,Nick Folk,K,-0.8445,107.0,183
169,AJ Dillon,RB,-0.8517,,
170,TEN D/ST,DEF,-0.9066,63.0,286
171,Antonio Gibson,RB,-0.9126,91.9,220
172,Matt Prater,K,-0.9152,33.0,361
173,Chris Boswell,K,-0.9303,188.0,61
174,Jaxon Smith-Njigba,WR,-0.9375,203.0,49
175,DEN D/ST,DEF,-0.9482,179.0,70
176,Dustin Hopkins,K,-0.9982,72.0,265
177,Greg Joseph,K,-1.0134,62.0,288
178,Derek Carr,QB,-1.028,155.9,101
179,Cade Otton,TE,-1.0435,111.1,168
180,Christian Watson,WR,-1.0438,90.8,224
181,LA D/ST,DEF,-1.044,118.0,155
182,Curtis Samuel,WR,-1.0595,48.2,316
183,Josh Downs,WR,-1.0635,147.5,107
184,Dontayvion Wicks,WR,-1.0736,91.0,223
185,Sam Howell,QB,-1.0739,0.16,620
186,Josh Palmer,WR,-1.1002,87.9,234
187,ATL D/ST,DEF,-1.1528,94.0,217
188,Zack Moss,RB,-1.1736,70.4,270
189,DET D/ST,DEF,-1.1992,121.0,147
190,Eddy Pineiro,K,-1.2564,101.0,199
191,Joe Burrow,QB,-1.3112,381.82,3
192,Juwan Johnson,TE,-1.3494,97.8,209
193,Tucker Kraft,TE,-1.3695,138.3,121
194,Hunter Henry,TE,-1.3844,112.4,166
195,Tyler Conklin,TE,-1.3942,96.4,214
196,Riley Patterson,K,-1.4311,27.0,386
197,Zach Charbonnet,RB,-1.4479,165.9,86
198,Jahan Dotson,WR,-1.4559,32.4,364
199,Khalil Herbert,RB,-1.4884,26.5,393
200,Wan'Dale Robinson,WR,-1.5263,136.2,123
201,Gerald Everett,TE,-1.5355,7.6,508
202,Ty Chandler,RB,-1.5391,25.4,402
203,Matthew Stafford,QB,-1.5432,222.58,37
204,Alexander Mattison,RB,-1.5675,119.4,153
205,Tyler Higbee,TE,-1.5842,22.6,414
206,Tyler Boyd,WR,-1.5846,58.8,294
207,Elijah Moore,WR,-1.5889,90.4,227
208,K.J. Osborn,WR,-1.7669,15.2,443
209,Roschon Johnson,RB,-1.7739,69.4,272
210,Michael Wilson,WR,-1.8061,101.0,200
211,Darren Waller,TE,-1.8424,,
212,Joey Slye,K,-1.859,112.0,167
213,Brett Maher,K,-1.8727,,
214,Khalil Shakir,WR,-1.9007,144.5,111
215,Alec Pierce,WR,-1.9063,142.9,117
216,Marquise Brown,WR,-1.9128,13.6,452
217,DeMario Douglas,WR,-1.9193,114.7,162
218,Keaton Mitchell,RB,-1.9284,6.3,517
219,Pat Freiermuth,TE,-1.9703,135.8,125
220,Jaleel McLaughlin,RB,-1.9754,85.2,243
221,Michael Mayer,TE,-2.0215,26.1,397
222,Luke Musgrave,TE,-2.0402,8.0,505
223,Nick Chubb,RB,-2.1078,60.8,291
224,Samaje Perine,RB,-2.1236,67.4,275
225,Dameon Pierce,RB,-2.2158,42.5,339
226,Josh Reynolds,WR,-2.2522,31.9,365
227,Noah Brown,WR,-2.2727,68.8,274
228,Lucas Havrisik,K,-2.273,,
229,Chad Ryland,K,-2.3272,120.0,150
230,Jonnu Smith,TE,-2.339,178.3,71
231,Emari Demercado,RB,-2.3552,46.7,325
232,Kareem Hunt,RB,-2.3588,143.9,114
233,Miles Sanders,RB,-2.3624,65.3,279
234,Quentin Johnston,WR,-2.3852,147.2,108
235,D'Onta Foreman,RB,-2.3858,29.6,376
236,Justice Hill,RB,-2.4539,106.1,186
237,Rico Dowdle,RB,-2.495,178.3,72
238,Logan Thomas,TE,-2.5229,,
239,DJ Chark,WR,-2.5321,11.1,477
240,Trey Palmer,WR,-2.539,29.2,377
241,Noah Fant,TE,-2.5541,80.0,251
242,Kendrick Bourne,WR,-2.5633,51.1,311
243,Kenny Gainwell,RB,-2.5651,54.6,301
244,Daniel Bellinger,TE,-2.5953,19.5,429
245,Mike Williams,WR,-2.637,46.3,327
246,Zamir White,RB,-2.7185,26.3,395
247,Kirk Cousins,QB,-2.7257,192.32,57
248,Tanner Hudson,TE,-2.732,29.0,378
249,CAR D/ST,DEF,-2.7365,38.0,352
250,Odell Beckham Jr.,WR,-2.8257,10.0,486
251,Noah Gray,TE,-2.8868,93.3,218
252,Donald Parham,TE,-2.8875,,
253,Tutu Atwell,WR,-2.8885,77.9,256
254,Rondale Moore,WR,-2.8905,,
255,Tre Tucker,WR,-2.9106,105.8,189
256,Kylen Granson,TE,-2.969,25.2,403
257,Chase Brown,RB,-2.9711,228.0,35
258,Jonathan Mingo,WR,-2.9718,23.7,411
259,ARI D/ST,DEF,-2.9762,109.0,178
260,Dawson Knox,TE,-2.9918,48.1,318
261,Jameson Williams,WR,-2.9954,183.2,67
262,Jerick McKinnon,RB,-3.0271,,
263,Justin Watson,WR,-3.0305,51.9,307
264,Jamaal Williams,RB,-3.0461,32.6,363
265,Bo Melton,WR,-3.1007,18.5,433
266,Clyde Edwards-Helaire,RB,-3.1058,8.5,500
267,Elijah Higgins,TE,-3.108,39.2,349
268,Colby Parkinson,TE,-3.1197,50.4,313
269,Zay Jones,WR,-3.1298,12.4,464
270,A.T. Perry,WR,-3.1353,,
271,Will Mallory,TE,-3.1634,4.9,537
272,Michael Thomas,WR,-3.2087,,
273,Demarcus Robinson,WR,-3.2432,108.0,179
274,Mike Gesicki,TE,-3.2517,109.0,177
275,Adam Trautman,TE,-3.255,37.3,353
276,Durham Smythe,TE,-3.2593,9.8,488
277,Nick Westbrook-Ikhine,WR,-3.2899,119.7,152
278,Tommy Tremble,TE,-3.2917,44.9,332
279,Kyler Murray,QB,-3.2999,308.24,15
280,Darnell Mooney,WR,-3.3374,161.2,92
281,Marvin Mims Jr.,WR,-3.341,110.0,171
282,Xavier Gipson,WR,-3.3456,11.4,471
283,Kalif Raymond,WR,-3.3766,48.0,321
284,Isaiah Hodgins,WR,-3.3799,2.2,568
285,WAS D/ST,DEF,-3.3838,90.0,228
286,Andrew Ogletree,TE,-3.4183,21.4,419
287,Greg Dortch,WR,-3.4212,71.8,266
288,Kendre Miller,RB,-3.4306,26.6,392
289,Michael Carter,RB,-3.454,30.3,371
290,Michael Gallup,WR,-3.4571,,
291,Joshua Dobbs,QB,-3.4916,32.84,362
292,Latavius Murray,RB,-3.521,,
293,Graham Gano,K,-3.5374,48.0,320
294,Zach Ertz,TE,-3.5389,144.4,112
295,Allen Lazard,WR,-3.5792,107.5,182
296,Jalin Hyatt,WR,-3.5809,10.2,484
297,Brandon Johnson,WR,-3.594,1.4,583
298,Chris Rodriguez Jr.,RB,-3.6058,31.0,368
299,Jayden Daniels,QB,-3.6133,364.82,5
300,Luke Schoonmaker,TE,-3.6141,43.6,337
301,Jake Browning,QB,-3.6167,-0.2,666
302,Davis Allen,TE,-3.6426,6.9,513
303,Josh Whyle,TE,-3.6608,46.8,324
304,Rashod Bateman,WR,-3.6636,152.1,104
305,Lucas Krull,TE,-3.6949,24.7,405
306,Nelson Agholor,WR,-3.7635,42.1,341
307,Josh Oliver,TE,-3.7855,54.8,300
308,Brevin Jordan,TE,-3.8034,1.7,575
309,Andrei Iosivas,WR,-3.8143,101.9,198
310,Stone Smartt,TE,-3.8152,26.8,388
311,Mo Alie-Cox,TE,-3.8185,26.7,389
312,Mike Badgley,K,-3.8319,,
313,Caleb Williams,QB,-3.8455,260.54,24
314,Foster Moreau,TE,-3.8503,87.3,236
315,JuJu Smith-Schuster,WR,-3.8563,44.1,333
316,Will Dissly,TE,-3.8863,85.1,245
317,Dalvin Cook,RB,-3.8997,3.5,549
318,Hayden Hurst,TE,-3.9341,11.3,473
319,Harrison Bryant,TE,-3.9459,13.1,458
320,Cedric Tillman,WR,-3.9487,65.9,278
321,Gardner Minshew,QB,-3.96,106.32,185
322,Calvin Austin III,WR,-3.9858,100.8,201
323,Trenton Irwin,WR,-3.9886,3.0,556
324,Chris Moore,WR,-4.0205,,
325,Austin Hooper,TE,-4.0436,86.1,240
326,Cedrick Wilson Jr.,WR,-4.0522,39.94,348
327,Jake Bobo,WR,-4.0541,23.2,412
328,Jeremy Ruckert,TE,-4.0589,19.5,430
329,Irv Smith,TE,-4.0695,,
330,Jordan Mason,RB,-4.0764,109.5,175
331,Darrell Henderson,RB,-4.0863,,
332,David Bell,WR,-4.0919,4.2,543
333,Jordan Akins,TE,-4.0944,71.0,268
334,Cam Akers,RB,-4.0961,86.2,239
335,Pierre Strong,RB,-4.1041,28.2,384
336,Brenton Strange,TE,-4.1173,71.1,267
337,Treylon Burks,WR,-4.137,5.5,527
338,Darnell Washington,TE,-4.1645,35.5,358
339,Jalen Tolbert,WR,-4.1736,127.5,138
340,DeVante Parker,WR,-4.1995,,
341,Drew Sample,TE,-4.2028,26.5,394
342,Robert Woods,WR,-4.2029,28.3,382
343,Johnny Mundt,TE,-4.2031,35.7,357
344,Jauan Jennings,WR,-4.2084,172.0,82
345,Ben Sims,TE,-4.224,6.2,518
346,Payne Durham,TE,-4.2258,29.0,379
347,Brock Wright,TE,-4.2264,28.5,381
348,Parker Washington,WR,-4.2547,81.0,250
349,Nick Muse,TE,-4.2613,,
350,Jeff Wilson,RB,-4.2807,9.1,494
351,Julian Hill,TE,-4.281,16.0,439
352,KaVontae Turpin,WR,-4.2903,88.7,233
353,Elijah Mitchell,RB,-4.299,,
354,Malik Heath,WR,-4.311,26.7,391
355,Drake Maye,QB,-4.3117,187.14,62
356,J.K. Dobbins,RB,-4.3167,175.8,76
357,Greg Dulcich,TE,-4.3236,5.3,531
358,Cole Turner,TE,-4.3335,,
359,Bo Nix,QB,-4.3357,328.7,10
360,John Bates,TE,-4.3398,10.4,482
361,Charlie Kolar,TE,-4.3444,23.8,410
362,Marquez Valdes-Scantling,WR,-4.3568,75.0,260
363,Bryce Young,QB,-4.3599,204.02,46
364,Quintin Morris,TE,-4.3692,12.1,468
365,Hunter Renfrow,WR,-4.3712,,
366,Joshua Kelley,RB,-4.3787,0.2,619
367,Skyy Moore,WR,-4.3812,0.0,642
368,Desmond Ridder,QB,-4.409,23.92,408
369,Tyler Scott,WR,-4.4209,1.0,604
370,Mason Crosby,K,-4.4246,,
371,Robert Tonyan,TE,-4.4588,,
372,Nate Adkins,TE,-4.4926,36.5,355
373,Connor Heyward,RB,-4.4942,13.0,460
374,Ronnie Bell,WR,-4.4956,3.2,551
375,Derius Davis,WR,-4.5178,33.6,360
376,Matt Ammendola,K,-4.5246,,
377,Tank Bigsby,RB,-4.5458,125.5,140
378,Luke Farrell,TE,-4.5488,12.7,461
379,Tyler Goodson,RB,-4.585,38.9,351
380,Kadarius Toney,WR,-4.5923,-2.4,671
381,Chris Brooks,RB,-4.5929,36.7,354
382,Mack Hollins,WR,-4.6009,83.3,246
383,Peyton Hendershot,TE,-4.6051,7.6,509
384,John Metchie III,WR,-4.6426,43.4,338
385,Jimmy Graham,TE,-4.6513,,
386,Cole Fotheringham,TE,-4.6664,,
387,John FitzPatrick,TE,-4.6665,0.7,609
388,Emanuel Wilson,RB,-4.6697,90.5,226
389,Donovan Peoples-Jones,WR,-4.6759,,
390,Brandon Powell,WR,-4.6853,10.6,479
391,Tucker Fisk,TE,-4.688,7.4,510
392,Teagan Quitoriano,TE,-4.6904,,
393,Lawrence Cager,TE,-4.6943,,
394,Van Jefferson,WR,-4.6979,51.6,309
395,Kevin Harris,RB,-4.7042,,
396,Cordarrelle Patterson,RB,-4.7093,31.5,366
397,Tyquan Thornton,WR,-4.7112,6.7,514
398,Quez Watkins,WR,-4.7118,,
399,Rod Williams,TE,-4.7227,0.0,638
400,James Mitchell,TE,-4.7237,,
401,Xavier Hutchinson,WR,-4.7294,17.7,436
402,Randy Bullock,K,-4.7325,,
403,Israel Abanikanda,RB,-4.7412,,
404,Braxton Berrios,WR,-4.7433,0.0,622
405,Ko Kieft,TE,-4.7521,0.0,634
406,Pharaoh Brown,TE,-4.7553,8.5,499
407,Grant Calcaterra,TE,-4.7862,47.8,322
408,Aidan O'Connell,QB,-4.8252,97.48,210
409,J.J. McCarthy,QB,-4.8295,,
410,MyCole Pruitt,TE,-4.8327,13.0,459
411,Deuce Vaughn,RB,-4.8488,10.3,483
412,Eric Gray,RB,-4.85,12.3,466
413,Chase Edmonds,RB,-4.8539,,
414,Olamide Zaccheaus,WR,-4.8618,89.9,229
415,Hunter Luepke,RB,-4.8853,20.9,421
416,Brayden Willis,TE,-4.8937,0.0,651
417,Henry Pearson,TE,-4.8937,,
418,Stephen Sullivan,TE,-4.8974,0.0,652
419,Mitchell Wilcox,TE,-4.8993,,
420,La'Mical Perine,RB,-4.9035,,
421,Charlie Jones,WR,-4.9239,5.0,535
422,Jason Brownlee,WR,-4.9303,,
423,Salvon Ahmed,RB,-4.9409,,
424,David Wells,TE,-4.9961,,
425,Brycen Hopkins,TE,-5.0042,,
426,Raheem Blackshear,RB,-5.0091,8.0,504
427,Royce Freeman,RB,-5.0262,,
428,Jalen Brooks,WR,-5.0274,29.7,375
429,Josiah Deguara,TE,-5.034,2.9,559
430,Kyle Philips,WR,-5.057,,
431,Elijah Dotson,RB,-5.0818,,
432,Jamal Agnew,WR,-5.0858,,
433,Allen Robinson,WR,-5.0868,4.5,541
434,Dyami Brown,WR,-5.09,52.4,306
435,Mecole Hardman,WR,-5.096,27.2,385
436,Parris Campbell,WR,-5.1031,12.0,469
437,Damien Harris,RB,-5.1051,,
438,Terrace Marshall Jr.,WR,-5.1198,5.6,526
439,Leonard Fournette,RB,-5.1298,,
440,Ty Johnson,RB,-5.1542,82.7,248
441,Deven Thompkins,WR,-5.1577,4.7,539
442,Andrew Beck,RB,-5.1719,0.0,644
443,Scott Miller,WR,-5.1875,9.4,492
444,Ronnie Rivers,RB,-5.1891,15.8,440
445,Lil'Jordan Humphrey,WR,-5.206,48.8,315
446,Lynn Bowden,WR,-5.2134,,
447,D.J. Montgomery,WR,-5.2161,,
448,Richie James,WR,-5.2237,,
449,Ihmir Smith-Marsette,WR,-5.2365,6.0,519
450,Isaiah Spiller,RB,-5.2482,,
451,D'Ernest Johnson,RB,-5.256,29.9,374
452,Sean Tucker,RB,-5.2628,64.2,282
453,Ameer Abdullah,RB,-5.2953,105.2,190
454,Matt Breida,RB,-5.2956,,
455,Justyn Ross,WR,-5.3054,0.0,650
456,Jack Stoll,TE,-5.3076,2.0,572
457,Rakim Jarrett,WR,-5.3122,16.9,438
458,Keaontay Ingram,RB,-5.3233,0.0,637
459,Jashaun Corbin,RB,-5.3497,,
460,Michael Penix,QB,-5.3501,,
461,Darrynton Evans,RB,-5.3567,0.3,617
462,Patrick Taylor,RB,-5.4096,28.3,383
463,Evan Hull,RB,-5.4135,,
464,C.J. Uzomah,TE,-5.4196,0.0,656
465,Zach Evans,RB,-5.4221,,
466,Tony Jones,RB,-5.4299,11.5,470
467,Ray-Ray McCloud,WR,-5.4466,109.5,174
468,Ben Skowronek,WR,-5.4491,9.4,493
469,Elijah Cooks,WR,-5.4517,,
470,Byron Pringle,WR,-5.4609,,
471,Geoff Swaim,TE,-5.4703,1.2,591
472,Brady Russell,RB,-5.4759,0.0,627
473,Chase Claypool,WR,-5.49,,
474,Velus Jones Jr.,WR,-5.4947,0.4,614
475,Samori Toure,WR,-5.4955,,
476,Kenny Yeboah,TE,-5.4998,13.2,457
477,Ben VanSumeren,RB,-5.5108,0.5,611
478,Trishton Jackson,WR,-5.521,,
479,KhaDarel Hodge,WR,-5.5289,22.6,413
480,Isaiah McKenzie,WR,-5.5319,,
481,Charlie Woerner,TE,-5.537,8.1,503
482,Ian Thomas,TE,-5.5478,2.2,567
483,Kenny Pickett,QB,-5.5501,26.14,396
484,Tim Jones,WR,-5.5507,5.6,525
485,Alex Erickson,WR,-5.585,0.0,660
486,Devin Duvernay,WR,-5.5931,13.7,449
487,Zach Wilson,QB,-5.5933,,
488,River Cracraft,WR,-5.5989,10.1,485
489,Laviska Shenault Jr.,WR,-5.6041,8.2,502
490,Mac Jones,QB,-5.615,104.08,193
491,Craig Reynolds,RB,-5.6164,19.4,431
492,Jalen Reagor,WR,-5.6192,11.2,476
493,Tyler Johnson,WR,-5.6213,48.1,319
494,Jordan Mims,RB,-5.6257,20.1,426
495,Kayshon Boutte,WR,-5.6434,100.4,204
496,Alec Ingold,RB,-5.6451,20.8,424
497,Kyle Juszczyk,RB,-5.6473,48.1,317
498,Mohamed Ibrahim,RB,-5.6503,,
499,Deonte Harty,WR,-5.6779,0.0,624
500,Trey Sermon,RB,-5.683,45.8,330
501,Austin Seibert,K,-5.6916,110.0,172
502,Robbie Chosen,WR,-5.6955,1.0,600
503,Keelan Doss,WR,-5.7056,,
504,David Moore,WR,-5.7124,69.1,273
505,Melvin Gordon,RB,-5.7179,,
506,Chris Conley,WR,-5.736,10.6,480
507,Giovanni Ricci,TE,-5.7688,,
508,DeAndre Carter,WR,-5.7797,9.7,489
509,Irvin Charles,WR,-5.787,0.0,633
510,Matthew Wright,K,-5.7878,55.0,299
511,Kevin Rader,TE,-5.7894,,
512,Jalen Nailor,WR,-5.796,89.0,230
513,Trent Sherfield,WR,-5.7969,18.3,434
514,Colton Dowell,WR,-5.8033,,
515,Marcedes Lewis,TE,-5.8076,0.7,607
516,Britain Covey,WR,-5.8126,6.9,512
517,Jalen Guyton,WR,-5.8171,,
518,Sean McKeon,TE,-5.8248,,
519,Nick Bawden,RB,-5.8263,,
520,Simi Fehoko,WR,-5.8282,13.6,451
521,Trevon Wesco,TE,-5.8297,,
522,Bam Knight,RB,-5.8309,,
523,Kwamie Lassiter II,WR,-5.8336,,
524,Blake Bell,TE,-5.84,,
525,Julio Jones,WR,-5.847,,
526,Gary Brightwell,RB,-5.8485,0.0,641
527,Ross Dwelley,TE,-5.8566,1.0,601
528,Antoine Green,WR,-5.8573,,
529,Boston Scott,RB,-5.8621,,
530,DeeJay Dallas,RB,-5.8629,19.5,428
531,Austin Trammell,WR,-5.8712,3.0,557
532,Albert Okwuegbunam,TE,-5.8865,,
533,Hunter Long,TE,-5.8899,15.5,441
534,Parker Hesse,TE,-5.8978,,
535,Kearis Jackson,WR,-5.9248,,
536,Anthony Richardson,QB,-5.9288,174.86,77
537,Eric Saubert,TE,-5.9295,21.2,420
538,Shedrick Jackson,WR,-5.9299,,
539,Tre' McKitty,TE,-5.9371,,
540,Trayveon Williams,RB,-5.9417,0.0,629
541,Tyrion Davis-Price,RB,-5.9587,0.7,610
542,Devon Allen,WR,-5.9597,,
543,Malik Cunningham,WR,-5.9597,,
544,Jesper Horsted,TE,-5.9906,,
545,Darrell Daniels,TE,-6.0114,,
546,Tommy DeVito,QB,-6.0268,13.48,453
547,Jake Funk,RB,-6.0504,,
548,Derrick Gore,RB,-6.0583,,
549,Malik Davis,RB,-6.1277,,
550,Deon Jackson,RB,-6.1644,,
551,Will Levis,QB,-6.1788,131.94,132
552,Randall Cobb,WR,-6.2042,,
553,Erik Ezukanma,WR,-6.2079,0.0,639
554,Julius Chestnut,RB,-6.2222,12.3,465
555,Equanimeous St. Brown,WR,-6.2292,,
556,Chris Manhertz,TE,-6.2322,10.5,481
557,Marquise Goodwin,WR,-6.2388,,
558,Daniel Jones,QB,-6.2838,142.3,118
559,Patrick Ricard,RB,-6.2853,9.7,490
560,Cody Thompson,WR,-6.2855,0.0,643
561,Mike Strachan,WR,-6.2863,,
562,Dare Ogunbowale,RB,-6.3153,46.5,326
563,DJ Turner,WR,-6.323,39.1,350
564,Mike Boone,RB,-6.3304,5.4,528
565,James Robinson,RB,-6.358,,
566,Steven Sims,WR,-6.3633,-2.0,668
567,Nick Vannett,TE,-6.3757,40.0,347
568,Collin Johnson,WR,-6.3816,1.1,597
569,Rashaad Penny,RB,-6.383,,
570,Malik Taylor,WR,-6.3871,,
571,Kenyan Drake,RB,-6.3871,,
572,Marvin Jones,WR,-6.4288,,
573,Chris Evans,RB,-6.4337,,
574,Alex Armah,RB,-6.4458,,
575,Tylan Wallace,WR,-6.4465,30.8,369
576,Adam Prentice,RB,-6.4521,0.0,631
577,C.J. Ham,RB,-6.4701,11.0,478
578,Travis Homer,RB,-6.4814,4.9,536
579,Khari Blasingame,RB,-6.4881,0.0,623
580,Montrell Washington,WR,-6.489,0.0,649
581,Andre Baccellia,WR,-6.4918,,
582,Reggie Gilliam,RB,-6.4934,0.7,608
583,Dareke Young,WR,-6.502,0.0,626
584,Kene Nwangwu,RB,-6.5156,6.0,522
585,Brandon Bolden,RB,-6.5309,,
586,Jamison Crowder,WR,-6.5316,21.7,417
587,Deshaun Watson,QB,-6.5503,79.72,252
588,Stephen Anderson,TE,-6.5512,,
589,Sterling Shepard,WR,-6.5538,64.3,281
590,Keith Kirkwood,WR,-6.5872,,
591,Ke'Shawn Vaughn,RB,-6.5913,0.4,615
592,JaMycal Hasty,RB,-6.5951,23.8,409
593,Devine Ozigbo,RB,-6.6026,,
594,Jakob Johnson,RB,-6.6331,0.0,636
595,Tyler Kroft,TE,-6.6513,,
596,Mason Kinsey,WR,-6.6805,2.7,562
597,Ryan Tannehill,QB,-6.6974,,
598,Jonathan Ward,RB,-6.7035,2.2,566
599,Anthony McFarland,RB,-6.7694,,
600,Gunner Olszewski,WR,-6.7966,,
601,Zach Pascal,WR,-6.8258,0.0,640
602,Miles Boykin,WR,-6.853,,
603,Jeremy McNichols,RB,-6.8662,59.3,293
604,Michael Bandy,WR,-6.8907,,
605,Dee Eskridge,WR,-6.9026,5.9,523
606,Ty Montgomery,WR,-6.9103,,
607,Easton Stick,QB,-6.9192,,
608,James Proche,WR,-6.9198,1.6,579
609,Michael Burton,RB,-6.9202,24.3,406
610,Willie Snead,WR,-6.9817,,
611,Godwin Igwebuike,RB,-6.9932,,
612,Amari Rodgers,WR,-7.0023,,
613,Jason Cabinda,RB,-7.0295,,
614,Keith Smith,RB,-7.0341,,
615,Damien Williams,RB,-7.0349,,
616,Dan Chisena,WR,-7.0437,5.2,534
617,Jaelon Darden,WR,-7.0739,1.1,594
618,Bailey Zappe,QB,-7.0832,9.0,495
619,Damiere Byrd,WR,-7.0887,,
620,Carson Wentz,QB,-7.1268,4.72,538
621,Trent Taylor,WR,-7.1421,1.6,580
622,Taylor Heinicke,QB,-7.1422,3.12,553
623,Tyson Bagent,QB,-7.1528,-0.26,667
624,Laquon Treadwell,WR,-7.1881,,
625,Joe Flacco,QB,-7.2068,106.04,187
626,Andy Isabella,WR,-7.2172,,
627,Jimmy Garoppolo,QB,-7.2735,20.86,423
628,Dwayne Washington,RB,-7.2755,,
629,Juwann Winfree,WR,-7.2899,,
630,Stanley Morgan,WR,-7.3222,,
631,Phillip Dorsett,WR,-7.4404,,
632,Jonathan Williams,RB,-7.4737,,
633,Matthew Slater,WR,-7.7534,,
634,Tyrod Taylor,QB,-7.9652,20.06,427
635,Nick Mullens,QB,-8.1753,1.32,587
636,Jacoby Brissett,QB,-8.7329,46.24,328
637,Mitchell Trubisky,QB,-8.7465,15.26,442
638,Davis Mills,QB,-8.7516,9.58,491
639,Andy Dalton,QB,-8.7827,64.96,280
640,Jarrett Stidham,QB,-8.8264,0.5,612
641,Dorian Thompson-Robinson,QB,-8.9514,21.8,416
642,Jeff Driskel,QB,-9.0962,,
643,Marcus Mariota,QB,-9.1957,45.76,331
644,Mason Rudolph,QB,-9.2094,104.8,192
645,Drew Lock,QB,-9.5003,85.14,244
646,Aaron Rodgers,QB,-9.5325,267.58,21
647,Clayton Tune,QB,-9.7265,-2.08,670
648,Jaren Hall,QB,-10.0682,,
649,PJ Walker,QB,-10.0727,,
650,Sam Darnold,QB,-10.1165,319.96,13
651,Sean Clifford,QB,-10.2226,,
652,Tyler Huntley,QB,-10.4535,63.66,284
653,Malik Willis,QB,-10.6367,51.8,308
654,Trevor Siemian,QB,-10.7234,,
655,C.J. Beathard,QB,-10.7335,,
656,Logan Woodside,QB,-10.9413,,
657,Brett Rypien,QB,-11.047,,
658,Kyle Trask,QB,-11.0652,-0.2,665
659,Tim Boyle,QB,-11.0839,14.94,444
660,Blaine Gabbert,QB,-11.1084,,
661,AJ McCarron,QB,-11.2014,,
662,Cooper Rush,QB,-11.3898,114.56,163
663,Jameis Winston,QB,-11.4459,143.14,115
664,Case Keenum,QB,-11.4893,,
665,Matt Barkley,QB,-11.5432,,
666,Mike White,QB,-11.5713,1.12,593
667,Brian Hoyer,QB,-11.7983,,
668,Teddy Bridgewater,QB,-11.9677,,
669,Nathan Peterman,QB,-11.9925,,
670,Kyle Allen,QB,-12.2501,0.76,606
