overall_rank,position_rank,player,position,team,seasons_used,games_latest_season,avg_pts_latest_season,base_value,replacement_value,vor
1,1,Jahmyr Gibbs,RB,DET,3,17,19.32,17.4316,7.19,10.2416
2,2,Bijan Robinson,RB,ATL,3,17,19.49,17.3437,7.19,10.1537
3,3,Derrick Henry,RB,BAL,5,17,16.0,15.4979,7.19,8.3079
4,4,Christian McCaffrey,RB,SF,5,17,21.51,15.1224,7.19,7.9324
5,5,Jonathan Taylor,RB,IND,5,17,19.96,15.1038,7.19,7.9138
6,6,De'Von Achane,RB,MIA,3,16,18.08,14.7685,7.19,7.5785
7,1,Ja'Marr Chase,WR,CIN,5,16,15.69,14.6657,7.1126,7.5531
8,2,Puka Nacua,WR,LA,3,16,19.41,14.4284,7.1126,7.3158
9,3,Amon-Ra St. Brown,WR,DET,5,17,15.62,14.3481,7.1126,7.2355
10,7,James Cook,RB,BUF,4,17,16.81,14.0877,7.19,6.8977
11,4,Jaxon Smith-Njigba,WR,SEA,3,17,17.67,13.8286,7.1126,6.716
12,1,Josh Allen,QB,BUF,5,16,23.41,21.6913,15.0368,6.6545
13,8,Saquon Barkley,RB,PHI,5,16,13.36,13.5708,7.19,6.3808
14,9,Kyren Williams,RB,LA,4,17,14.43,13.0821,7.19,5.8921
15,10,Josh Jacobs,RB,GB,5,15,14.61,12.8055,7.19,5.6155
16,1,Trey McBride,TE,ARI,4,17,14.88,11.5193,6.5566,4.9627
17,11,Ashton Jeanty,RB,LV,1,17,12.8,11.9401,7.19,4.7501
18,12,Chase Brown,RB,CIN,3,17,14.59,11.8763,7.19,4.6863
19,5,CeeDee Lamb,WR,DAL,5,13,12.57,11.3908,7.1126,4.2782
20,6,Davante Adams,WR,LA,5,14,13.78,11.3264,7.1126,4.2138
21,7,Justin Jefferson,WR,MIN,5,17,9.38,11.1977,7.1126,4.0851
22,13,Travis Etienne,RB,JAX,4,17,13.88,11.2431,7.19,4.0531
23,8,George Pickens,WR,DAL,4,17,14.44,10.9991,7.1126,3.8865
24,14,D'Andre Swift,RB,CHI,5,16,13.22,11.0401,7.19,3.8501
25,15,Breece Hall,RB,NYJ,4,16,11.85,10.9106,7.19,3.7206
26,9,A.J. Brown,WR,PHI,5,15,12.09,10.5272,7.1126,3.4146
27,10,Zay Flowers,WR,BAL,3,17,11.78,10.3592,7.1126,3.2466
28,2,Jalen Hurts,QB,PHI,5,16,19.07,18.2568,15.0368,3.22
29,1,Brandon Aubrey,K,DAL,3,17,10.59,10.0768,7.0227,3.0541
30,3,Bo Nix,QB,DEN,2,17,18.58,18.0532,15.0368,3.0164
31,16,TreVeyon Henderson,RB,NE,1,17,11.1,10.1648,7.19,2.9748
32,17,RJ Harvey,RB,DEN,1,17,10.77,10.0435,7.19,2.8535
33,11,Nico Collins,WR,HOU,5,15,12.71,9.9497,7.1126,2.8371
34,12,Courtland Sutton,WR,DEN,5,17,10.75,9.9055,7.1126,2.7929
35,18,Javonte Williams,RB,DAL,5,16,14.08,9.918,7.19,2.728
36,19,Tony Pollard,RB,TEN,5,17,9.96,9.911,7.19,2.721
37,13,Tetairoa McMillan,WR,CAR,1,17,10.38,9.7418,7.1126,2.6292
38,14,Drake London,WR,ATL,4,12,13.99,9.6671,7.1126,2.5545
39,2,Travis Kelce,TE,KC,5,17,9.13,9.055,6.5566,2.4984
40,20,David Montgomery,RB,DET,5,17,9.11,9.6286,7.19,2.4386
41,2,Jason Myers,K,SEA,5,17,11.47,9.378,7.0227,2.3553
42,15,Tee Higgins,WR,CIN,5,15,12.14,9.4622,7.1126,2.3496
43,4,Jared Goff,QB,DET,5,17,17.94,17.3808,15.0368,2.344
44,21,Kenneth Walker III,RB,SEA,4,17,10.38,9.5211,7.19,2.3311
45,3,Brock Bowers,TE,LV,2,12,12.02,8.8853,6.5566,2.3287
46,5,Patrick Mahomes,QB,KC,5,14,21.16,17.3605,15.0368,2.3237
47,1,HOU D/ST,DEF,HOU,5,17,10.0,8.3052,6.0115,2.2937
48,16,DJ Moore,WR,CHI,5,17,8.54,9.3231,7.1126,2.2105
49,3,Ka'imi Fairbairn,K,HOU,5,15,12.67,9.1793,7.0227,2.1566
50,17,DeVonta Smith,WR,PHI,5,17,9.61,9.2686,7.1126,2.156
51,18,Chris Olave,WR,NO,4,16,13.69,9.2577,7.1126,2.1451
52,6,Drake Maye,QB,NE,2,17,21.14,17.1783,15.0368,2.1415
53,2,SEA D/ST,DEF,SEA,5,17,10.35,8.0815,6.0115,2.07
54,7,Caleb Williams,QB,CHI,2,17,19.1,17.0652,15.0368,2.0284
55,19,DK Metcalf,WR,PIT,5,15,10.51,9.1391,7.1126,2.0265
56,4,George Kittle,TE,SF,5,11,12.09,8.5748,6.5566,2.0182
57,20,Ladd McConkey,WR,LAC,2,16,9.24,9.1022,7.1126,1.9896
58,21,Stefon Diggs,WR,NE,5,17,9.87,9.099,7.1126,1.9864
59,3,DEN D/ST,DEF,DEN,5,17,8.41,7.9869,6.0115,1.9754
60,4,Cameron Dicker,K,LAC,4,17,9.76,8.9814,7.0227,1.9587
61,5,Tyler Warren,TE,IND,1,17,8.85,8.4127,6.5566,1.8561
62,6,Harold Fannin Jr.,TE,CLE,1,16,9.4,8.3393,6.5566,1.7827
63,22,Emeka Egbuka,WR,TB,1,17,9.66,8.8828,7.1126,1.7702
64,22,Jaylen Warren,RB,PIT,4,16,12.32,8.9495,7.19,1.7595
65,8,Baker Mayfield,QB,TB,5,17,16.64,16.7815,15.0368,1.7447
66,23,Rico Dowdle,RB,CAR,4,17,11.58,8.9101,7.19,1.7201
67,23,Michael Pittman,WR,IND,5,17,9.55,8.8287,7.1126,1.7161
68,9,Matthew Stafford,QB,LA,5,17,21.08,16.667,15.0368,1.6302
69,24,Brian Thomas Jr.,WR,JAX,2,14,8.2,8.6899,7.1126,1.5773
70,25,Jameson Williams,WR,DET,4,17,11.02,8.6352,7.1126,1.5226
71,26,Deebo Samuel Sr.,WR,WAS,5,16,9.51,8.6209,7.1126,1.5083
72,27,Jakobi Meyers,WR,JAX,5,16,8.64,8.598,7.1126,1.4854
73,28,Jaylen Waddle,WR,MIA,5,16,10.13,8.575,7.1126,1.4624
74,24,Zach Charbonnet,RB,SEA,3,16,10.71,8.6297,7.19,1.4397
75,10,Lamar Jackson,QB,BAL,5,13,17.07,16.4694,15.0368,1.4326
76,25,Bucky Irving,RB,TB,2,10,12.35,8.5974,7.19,1.4074
77,29,Keenan Allen,WR,LAC,5,17,8.36,8.5135,7.1126,1.4009
78,11,Justin Herbert,QB,LAC,5,16,18.74,16.4313,15.0368,1.3945
79,26,Quinshon Judkins,RB,CLE,1,14,11.2,8.5387,7.19,1.3487
80,4,MIN D/ST,DEF,MIN,5,17,7.82,7.3511,6.0115,1.3396
81,5,Chris Boswell,K,PIT,5,17,8.53,8.3618,7.0227,1.3391
82,27,Rhamondre Stevenson,RB,NE,5,14,11.63,8.5067,7.19,1.3167
83,6,Jake Bates,K,DET,2,17,8.41,8.2888,7.0227,1.2661
84,5,PIT D/ST,DEF,PIT,5,17,7.59,7.2006,6.0115,1.1891
85,7,Cam Little,K,JAX,2,17,9.35,8.1669,7.0227,1.1442
86,28,Rachaad White,RB,TB,4,17,7.24,8.3244,7.19,1.1344
87,8,Will Reichard,K,MIN,2,17,9.24,8.1482,7.0227,1.1255
88,9,Chase McLaughlin,K,TB,5,17,8.76,8.1281,7.0227,1.1054
89,6,PHI D/ST,DEF,PHI,5,17,7.94,7.1091,6.0115,1.0976
90,30,Terry McLaurin,WR,WAS,5,10,9.52,8.0884,7.1126,0.9758
91,29,Tyrone Tracy Jr.,RB,NYG,2,15,9.52,8.1201,7.19,0.9301
92,10,Andy Borregales,K,NE,1,17,8.35,7.9407,7.0227,0.918
93,30,Aaron Jones,RB,MIN,5,12,8.72,8.0583,7.19,0.8683
94,31,Alvin Kamara,RB,NO,5,11,7.65,8.0233,7.19,0.8333
95,31,Wan'Dale Robinson,WR,NYG,4,16,10.74,7.9148,7.1126,0.8022
96,7,BUF D/ST,DEF,BUF,5,17,6.47,6.8136,6.0115,0.8021
97,12,Trevor Lawrence,QB,JAX,5,17,20.6,15.8312,15.0368,0.7944
98,32,Michael Wilson,WR,ARI,3,17,10.68,7.8971,7.1126,0.7845
99,7,Kyle Pitts,TE,ATL,5,17,9.81,7.334,6.5566,0.7774
100,11,Tyler Loop,K,BAL,1,17,8.12,7.7322,7.0227,0.7095
101,8,Colston Loveland,TE,CHI,1,16,8.51,7.2555,6.5566,0.6989
102,33,Jordan Addison,WR,MIN,3,14,8.15,7.7821,7.1126,0.6695
103,32,Chuba Hubbard,RB,CAR,5,15,7.36,7.837,7.19,0.647
104,8,LA D/ST,DEF,LA,5,17,7.88,6.5687,6.0115,0.5572
105,12,Wil Lutz,K,DEN,4,17,7.65,7.4588,7.0227,0.4361
106,34,Alec Pierce,WR,IND,4,15,10.65,7.5344,7.1126,0.4218
107,9,Hunter Henry,TE,NE,5,17,8.75,6.9783,6.5566,0.4217
108,10,Mark Andrews,TE,BAL,5,17,6.29,6.9743,6.5566,0.4177
109,35,Mike Evans,WR,TB,5,8,8.73,7.5082,7.1126,0.3956
110,9,JAX D/ST,DEF,JAX,5,17,8.24,6.386,6.0115,0.3745
111,33,Kyle Monangai,RB,CHI,1,17,8.1,7.4941,7.19,0.3041
112,11,Dallas Goedert,TE,PHI,5,15,10.34,6.859,6.5566,0.3024
113,36,Tyreek Hill,WR,MIA,5,4,10.75,7.3731,7.1126,0.2605
114,37,Quentin Johnston,WR,LAC,3,13,11.21,7.3522,7.1126,0.2396
115,10,CLE D/ST,DEF,CLE,5,17,7.82,6.2321,6.0115,0.2206
116,12,Dalton Schultz,TE,HOU,5,17,8.04,6.7425,6.5566,0.1859
117,11,NO D/ST,DEF,NO,5,17,6.82,6.1873,6.0115,0.1758
118,12,BAL D/ST,DEF,BAL,5,17,5.53,6.0795,6.0115,0.068
119,34,Jacory Croskey-Merritt,RB,WAS,1,17,7.99,7.2509,7.19,0.0609
120,35,Woody Marks,RB,HOU,1,16,8.32,7.1903,7.19,0.0003
121,13,Dak Prescott,QB,DAL,5,17,19.05,15.0368,15.0368,0.0
122,36,Kareem Hunt,RB,KC,5,17,8.02,7.19,7.19,0.0
123,38,Jauan Jennings,WR,SF,5,15,9.72,7.1126,7.1126,0.0
124,13,Harrison Butker,K,KC,5,17,8.24,7.0227,7.0227,0.0
125,13,Jake Ferguson,TE,DAL,4,17,8.65,6.5566,6.5566,0.0
126,13,CHI D/ST,DEF,CHI,5,17,6.71,6.0115,6.0115,0.0
127,14,NE D/ST,DEF,NE,5,17,7.41,6.0104,6.0115,-0.0011
128,15,LAC D/ST,DEF,LAC,5,17,6.35,5.9849,6.0115,-0.0266
129,14,Juwan Johnson,TE,NO,5,17,8.32,6.4593,6.5566,-0.0973
130,39,Garrett Wilson,WR,NYJ,4,7,11.64,6.9854,7.1126,-0.1272
131,15,Sam LaPorta,TE,DET,3,9,9.66,6.4253,6.5566,-0.1313
132,40,Jerry Jeudy,WR,CLE,5,17,5.63,6.9635,7.1126,-0.1491
133,14,Blake Grupe,K,IND,3,16,7.56,6.8652,7.0227,-0.1575
134,15,Nick Folk,K,NYJ,5,16,7.88,6.8191,7.0227,-0.2036
135,41,Romeo Doubs,WR,GB,4,16,8.62,6.8954,7.1126,-0.2172
136,37,Kenny Gainwell,RB,PIT,5,17,10.87,6.9712,7.19,-0.2188
137,16,Cairo Santos,K,CHI,5,15,8.47,6.7266,7.0227,-0.2961
138,17,Jake Elliott,K,PHI,5,17,6.35,6.7219,7.0227,-0.3008
139,42,Marvin Harrison Jr.,WR,ARI,2,12,8.94,6.8001,7.1126,-0.3125
140,43,Cooper Kupp,WR,SEA,5,16,5.86,6.7649,7.1126,-0.3477
141,16,TB D/ST,DEF,TB,5,17,5.76,5.6154,6.0115,-0.3961
142,44,Khalil Shakir,WR,BUF,4,16,8.15,6.7104,7.1126,-0.4022
143,17,GB D/ST,DEF,GB,5,17,4.65,5.6039,6.0115,-0.4076
144,45,Josh Downs,WR,IND,3,16,6.71,6.66,7.1126,-0.4526
145,18,Eddy Pineiro,K,SF,5,14,9.64,6.5695,7.0227,-0.4532
146,18,ATL D/ST,DEF,ATL,5,17,6.88,5.5327,6.0115,-0.4788
147,19,Evan McPherson,K,CIN,5,17,7.65,6.5145,7.0227,-0.5082
148,19,KC D/ST,DEF,KC,5,17,5.06,5.4658,6.0115,-0.5457
149,20,DET D/ST,DEF,DET,5,17,5.59,5.4361,6.0115,-0.5754
150,46,Rome Odunze,WR,CHI,2,12,10.34,6.4513,7.1126,-0.6613
151,20,Daniel Carlson,K,LV,5,17,5.71,6.3572,7.0227,-0.6655
152,21,Joey Slye,K,TEN,5,16,7.94,6.3551,7.0227,-0.6676
153,21,IND D/ST,DEF,IND,5,17,5.47,5.3234,6.0115,-0.6881
154,22,Chad Ryland,K,ARI,3,17,7.18,6.2943,7.0227,-0.7284
155,22,MIA D/ST,DEF,MIA,5,17,5.41,5.2589,6.0115,-0.7526
156,38,James Conner,RB,ARI,5,3,9.77,6.3631,7.19,-0.8269
157,16,Zach Ertz,TE,WAS,5,13,7.8,5.6986,6.5566,-0.858
158,47,Parker Washington,WR,JAX,3,16,9.73,6.2536,7.1126,-0.859
159,39,Omarion Hampton,RB,LAC,1,9,13.3,6.316,7.19,-0.874
160,40,Tyler Allgeier,RB,ATL,4,17,6.82,6.2892,7.19,-0.9008
161,23,DAL D/ST,DEF,DAL,5,17,3.35,5.0764,6.0115,-0.9351
162,17,Oronde Gadsden II,TE,LAC,1,15,7.13,5.6198,6.5566,-0.9368
163,23,Matt Gay,K,SF,5,12,7.08,6.0655,7.0227,-0.9572
164,48,Troy Franklin,WR,DEN,2,17,8.51,6.1549,7.1126,-0.9577
165,24,Brandon McManus,K,GB,5,14,7.57,6.0419,7.0227,-0.9808
166,41,J.K. Dobbins,RB,DEN,4,10,11.04,6.1922,7.19,-0.9978
167,49,Xavier Worthy,WR,KC,2,14,6.35,6.1049,7.1126,-1.0077
168,25,Andre Szmyt,K,CLE,1,17,6.35,6.0066,7.0227,-1.0161
169,50,Tre Tucker,WR,LV,3,17,7.84,6.0809,7.1126,-1.0317
170,18,Tucker Kraft,TE,GB,3,8,12.65,5.514,6.5566,-1.0426
171,19,AJ Barner,TE,SEA,2,17,7.14,5.5088,6.5566,-1.0478
172,20,Pat Freiermuth,TE,PIT,5,15,6.21,5.488,6.5566,-1.0686
173,21,T.J. Hockenson,TE,MIN,5,15,5.82,5.3845,6.5566,-1.1721
174,22,Dalton Kincaid,TE,BUF,3,12,8.88,5.3844,6.5566,-1.1722
175,51,Jayden Higgins,WR,HOU,1,17,6.41,5.9301,7.1126,-1.1825
176,24,SF D/ST,DEF,SF,5,17,4.24,4.8125,6.0115,-1.199
177,42,Cam Skattebo,RB,NYG,1,8,14.46,5.9677,7.19,-1.2223
178,23,Jonnu Smith,TE,PIT,5,17,3.89,5.2744,6.5566,-1.2822
179,43,Devin Singletary,RB,NYG,5,17,5.87,5.8629,7.19,-1.3271
180,24,David Njoku,TE,CLE,5,11,6.35,5.1706,6.5566,-1.386
181,25,CIN D/ST,DEF,CIN,5,17,4.06,4.6218,6.0115,-1.3897
182,52,Rashee Rice,WR,KC,3,8,15.45,5.7217,7.1126,-1.3909
183,26,NYG D/ST,DEF,NYG,5,17,4.41,4.6074,6.0115,-1.4041
184,25,Cade Otton,TE,TB,4,15,6.18,5.1278,6.5566,-1.4288
185,53,Rashid Shaheed,WR,SEA,4,18,7.06,5.6609,7.1126,-1.4517
186,26,Ryan Fitzgerald,K,CAR,1,17,6.06,5.5696,7.0227,-1.4531
187,54,Christian Watson,WR,GB,4,10,11.49,5.5889,7.1126,-1.5237
188,14,Jaxson Dart,QB,NYG,1,14,17.61,13.4827,15.0368,-1.5541
189,26,Chig Okonkwo,TE,TEN,4,17,5.65,4.9836,6.5566,-1.573
190,27,Evan Engram,TE,DEN,5,16,4.86,4.9636,6.5566,-1.593
191,44,Brian Robinson,RB,SF,4,17,3.44,5.5814,7.19,-1.6086
192,55,Luther Burden III,WR,CHI,1,15,6.96,5.47,7.1126,-1.6426
193,27,TEN D/ST,DEF,TEN,5,17,4.94,4.3653,6.0115,-1.6462
194,56,Chimere Dike,WR,TEN,1,17,6.01,5.4189,7.1126,-1.6937
195,28,ARI D/ST,DEF,ARI,5,17,4.12,4.3178,6.0115,-1.6937
196,57,Chris Godwin Jr.,WR,TB,5,9,7.39,5.4029,7.1126,-1.7097
197,29,CAR D/ST,DEF,CAR,5,17,6.06,4.2702,6.0115,-1.7413
198,30,WAS D/ST,DEF,WAS,5,17,4.47,4.2605,6.0115,-1.751
199,45,Jordan Mason,RB,MIN,4,16,7.62,5.4297,7.19,-1.7603
200,46,Najee Harris,RB,LAC,5,3,3.37,5.4023,7.19,-1.7877
201,27,Riley Patterson,K,MIA,5,17,7.59,5.2179,7.0227,-1.8048
202,28,Theo Johnson,TE,NYG,2,15,7.02,4.7184,6.5566,-1.8382
203,58,Elic Ayomanor,WR,TEN,1,16,6.0,5.2663,7.1126,-1.8463
204,31,LV D/ST,DEF,LV,5,17,4.29,4.1639,6.0115,-1.8476
205,59,Jayden Reed,WR,GB,3,5,7.8,5.2509,7.1126,-1.8617
206,29,Cole Kmet,TE,CHI,5,16,3.98,4.6888,6.5566,-1.8678
207,60,Darnell Mooney,WR,ATL,5,15,4.42,5.1245,7.1126,-1.9881
208,61,DeAndre Hopkins,WR,BAL,5,17,3.29,5.0824,7.1126,-2.0302
209,47,Tyjae Spears,RB,TEN,3,13,6.86,5.1528,7.19,-2.0372
210,62,Calvin Ridley,WR,TEN,4,7,5.54,5.0734,7.1126,-2.0392
211,15,Jordan Love,QB,GB,5,15,16.08,12.958,15.0368,-2.0788
212,32,NYJ D/ST,DEF,NYJ,5,17,2.71,3.8904,6.0115,-2.1211
213,16,C.J. Stroud,QB,HOU,3,14,15.47,12.9094,15.0368,-2.1274
214,63,Tyler Lockett,WR,LV,5,17,3.01,4.9726,7.1126,-2.14
215,64,Malik Nabers,WR,NYG,2,4,12.03,4.9688,7.1126,-2.1438
216,28,Jake Moody,K,WAS,3,9,8.44,4.8759,7.0227,-2.1468
217,65,Marquise Brown,WR,KC,5,16,7.08,4.8918,7.1126,-2.2208
218,66,DeMario Douglas,WR,NE,3,16,5.02,4.8771,7.1126,-2.2355
219,29,Matt Prater,K,BUF,5,15,6.87,4.7702,7.0227,-2.2525
220,67,Darius Slayton,WR,NYG,5,14,5.74,4.8162,7.1126,-2.2964
221,68,Kayshon Boutte,WR,NE,3,14,7.69,4.7585,7.1126,-2.3541
222,48,Isiah Pacheco,RB,KC,4,13,5.98,4.8067,7.19,-2.3833
223,30,Colby Parkinson,TE,LA,5,14,7.74,4.1661,6.5566,-2.3905
224,49,Blake Corum,RB,LA,2,17,6.95,4.7421,7.19,-2.4479
225,69,Keon Coleman,WR,BUF,2,12,6.95,4.6633,7.1126,-2.4493
226,31,Brenton Strange,TE,JAX,3,12,7.92,4.09,6.5566,-2.4666
227,17,Sam Darnold,QB,SEA,5,17,14.67,12.5277,15.0368,-2.5091
228,18,Geno Smith,QB,LV,5,15,12.73,12.4866,15.0368,-2.5502
229,50,Austin Ekeler,RB,WAS,5,2,5.3,4.6372,7.19,-2.5528
230,32,Darren Waller,TE,MIA,4,9,8.52,3.9656,6.5566,-2.591
231,33,Dawson Knox,TE,BUF,5,16,5.36,3.957,6.5566,-2.5996
232,70,Adam Thielen,WR,PIT,5,14,2.15,4.4542,7.1126,-2.6584
233,71,Mack Hollins,WR,NE,5,14,6.46,4.4508,7.1126,-2.6618
234,19,Joe Burrow,QB,CIN,5,8,17.43,12.3532,15.0368,-2.6836
235,30,Harrison Mevis,K,LA,1,9,9.0,4.3231,7.0227,-2.6996
236,51,Nick Chubb,RB,HOU,5,15,5.45,4.4693,7.19,-2.7207
237,34,Mike Gesicki,TE,CIN,5,12,4.72,3.8128,6.5566,-2.7438
238,52,Bhayshul Tuten,RB,JAX,1,15,5.57,4.4366,7.19,-2.7534
239,35,Gunnar Helm,TE,TEN,1,16,4.36,3.7614,6.5566,-2.7952
240,20,Aaron Rodgers,QB,PIT,5,16,14.6,12.2043,15.0368,-2.8325
241,21,Brock Purdy,QB,SF,4,9,20.82,12.1931,15.0368,-2.8437
242,72,Marvin Mims Jr.,WR,DEN,3,15,4.97,4.2658,7.1126,-2.8468
243,73,Xavier Legette,WR,CAR,2,15,4.79,4.2524,7.1126,-2.8602
244,36,Isaiah Likely,TE,BAL,4,12,4.02,3.6252,6.5566,-2.9314
245,37,Noah Fant,TE,CIN,5,13,4.45,3.6252,6.5566,-2.9314
246,74,Malik Washington,WR,MIA,2,17,5.51,4.1691,7.1126,-2.9435
247,53,Kimani Vidal,RB,LAC,2,13,8.45,4.2448,7.19,-2.9452
248,38,Taysom Hill,TE,NO,5,13,2.79,3.5712,6.5566,-2.9854
249,31,Zane Gonzalez,K,ATL,3,9,10.22,4.0212,7.0227,-3.0015
250,39,Mason Taylor,TE,NYJ,1,13,5.15,3.525,6.5566,-3.0316
251,75,Andrei Iosivas,WR,CIN,3,15,4.89,4.0805,7.1126,-3.0321
252,32,Joshua Karty,K,LA,2,8,6.25,3.9453,7.0227,-3.0774
253,76,Rashod Bateman,WR,BAL,5,13,3.53,4.0293,7.1126,-3.0833
254,77,Tez Johnson,WR,TB,1,15,5.23,4.0265,7.1126,-3.0861
255,54,Samaje Perine,RB,CIN,5,15,4.63,4.0514,7.19,-3.1386
256,33,Younghoe Koo,K,NYG,5,6,4.83,3.881,7.0227,-3.1417
257,55,Ty Johnson,RB,BUF,5,17,5.19,4.0162,7.19,-3.1738
258,56,Emanuel Wilson,RB,GB,3,17,5.12,4.0104,7.19,-3.1796
259,78,Calvin Austin III,WR,PIT,3,14,5.05,3.9288,7.1126,-3.1838
260,79,Jalen Coker,WR,CAR,2,11,6.72,3.855,7.1126,-3.2576
261,22,Bryce Young,QB,CAR,3,16,14.31,11.7479,15.0368,-3.2889
262,80,Dontayvion Wicks,WR,GB,3,13,4.68,3.8066,7.1126,-3.306
263,57,Jerome Ford,RB,CLE,4,13,2.35,3.875,7.19,-3.315
264,40,Austin Hooper,TE,NE,5,13,3.75,3.1991,6.5566,-3.3575
265,58,Ray Davis,RB,BUF,2,17,3.48,3.8292,7.19,-3.3608
266,81,Christian Kirk,WR,HOU,5,11,3.99,3.7347,7.1126,-3.3779
267,82,Jalen Nailor,WR,MIN,4,17,5.07,3.7322,7.1126,-3.3804
268,59,Raheem Mostert,RB,LV,5,12,1.95,3.7671,7.19,-3.4229
269,83,Kendrick Bourne,WR,SF,5,14,5.26,3.6568,7.1126,-3.4558
270,84,Ricky Pearsall,WR,SF,2,9,7.84,3.6556,7.1126,-3.457
271,85,KaVontae Turpin,WR,DAL,4,15,4.77,3.6501,7.1126,-3.4625
272,60,Dylan Sampson,RB,CLE,1,15,4.74,3.7083,7.19,-3.4817
273,86,Olamide Zaccheaus,WR,CHI,5,14,4.66,3.6283,7.1126,-3.4843
274,87,Demarcus Robinson,WR,SF,5,14,3.37,3.6261,7.1126,-3.4865
275,88,Brandin Cooks,WR,BUF,5,13,3.07,3.5886,7.1126,-3.524
276,89,Josh Palmer,WR,BUF,5,12,3.44,3.558,7.1126,-3.5546
277,61,Justice Hill,RB,BAL,4,10,5.47,3.6233,7.19,-3.5667
278,62,Michael Carter,RB,ARI,5,13,6.35,3.579,7.19,-3.611
279,90,Isaac TeSlaa,WR,DET,1,14,4.85,3.4907,7.1126,-3.6219
280,91,Ryan Flournoy,WR,DAL,2,15,6.27,3.476,7.1126,-3.6366
281,41,Tyler Higbee,TE,LA,5,10,5.86,2.8862,6.5566,-3.6704
282,63,Tank Bigsby,RB,PHI,3,15,3.49,3.5127,7.19,-3.6773
283,42,Tyler Conklin,TE,LAC,5,6,2.3,2.8398,6.5566,-3.7168
284,64,Antonio Gibson,RB,NE,5,5,4.44,3.3876,7.19,-3.8024
285,65,Bam Knight,RB,ARI,3,12,6.83,3.372,7.19,-3.818
286,66,Chris Rodriguez Jr.,RB,WAS,3,12,7.54,3.3526,7.19,-3.8374
287,92,Devaughn Vele,WR,NO,2,9,5.98,3.2734,7.1126,-3.8392
288,67,Sean Tucker,RB,TB,3,17,5.14,3.3439,7.19,-3.8461
289,43,Noah Gray,TE,KC,5,14,2.02,2.6582,6.5566,-3.8984
290,93,Greg Dortch,WR,ARI,5,12,5.05,3.1752,7.1126,-3.9374
291,94,Jalen Tolbert,WR,DAL,4,12,3.11,3.1706,7.1126,-3.942
292,95,Adonai Mitchell,WR,NYJ,2,16,4.46,3.1486,7.1126,-3.964
293,96,Pat Bryant,WR,DEN,1,13,4.56,3.1385,7.1126,-3.9741
294,97,Kalif Raymond,WR,DET,5,15,3.65,3.1275,7.1126,-3.9851
295,34,Mike Badgley,K,BUF,4,9,6.22,3.0363,7.0227,-3.9864
296,23,Jayden Daniels,QB,WAS,2,7,16.75,11.0237,15.0368,-4.0131
297,44,Tommy Tremble,TE,CAR,5,15,3.36,2.4627,6.5566,-4.0939
298,24,Tua Tagovailoa,QB,MIA,5,14,12.55,10.9274,15.0368,-4.1094
299,45,Jake Tonges,TE,SF,3,10,7.63,2.431,6.5566,-4.1256
300,46,Michael Mayer,TE,LV,3,13,4.33,2.4267,6.5566,-4.1299
301,98,Elijah Moore,WR,BUF,5,9,2.68,2.9741,7.1126,-4.1385
302,47,Darnell Washington,TE,PIT,3,13,4.45,2.4146,6.5566,-4.142
303,99,Tre Harris,WR,LAC,1,16,3.4,2.9625,7.1126,-4.1501
304,100,JuJu Smith-Schuster,WR,KC,5,17,3.35,2.9548,7.1126,-4.1578
305,101,Van Jefferson,WR,TEN,5,14,3.96,2.9406,7.1126,-4.172
306,25,Cam Ward,QB,TEN,1,17,11.39,10.8629,15.0368,-4.1739
307,48,Jackson Hawes,TE,BUF,1,13,3.44,2.3667,6.5566,-4.1899
308,102,Sterling Shepard,WR,TB,5,13,4.81,2.9051,7.1126,-4.2075
309,103,Allen Lazard,WR,NYJ,5,9,2.0,2.9038,7.1126,-4.2088
310,104,Matthew Golden,WR,GB,1,14,3.96,2.9022,7.1126,-4.2104
311,105,Nick Westbrook-Ikhine,WR,MIA,5,13,1.11,2.8994,7.1126,-4.2132
312,49,Ja'Tavion Sanders,TE,CAR,2,12,3.29,2.3426,6.5566,-4.214
313,106,Tim Patrick,WR,JAX,3,13,3.4,2.8938,7.1126,-4.2188
314,50,Josh Oliver,TE,MIN,5,12,3.96,2.3011,6.5566,-4.2555
315,107,Jaylin Noel,WR,HOU,1,17,3.26,2.8358,7.1126,-4.2768
316,108,Xavier Hutchinson,WR,HOU,3,16,5.03,2.8299,7.1126,-4.2827
317,51,Terrance Ferguson,TE,LA,1,11,4.24,2.2639,6.5566,-4.2927
318,35,Charlie Smyth,K,NO,1,6,9.33,2.7053,7.0227,-4.3174
319,68,Jaleel McLaughlin,RB,DEN,3,8,3.68,2.8618,7.19,-4.3282
320,69,Miles Sanders,RB,DAL,5,4,5.67,2.7844,7.19,-4.4056
321,109,Gabe Davis,WR,BUF,5,6,4.15,2.6843,7.1126,-4.4283
322,70,Isaiah Davis,RB,NYJ,2,16,3.79,2.7381,7.19,-4.4519
323,110,Jahan Dotson,WR,PHI,4,15,2.75,2.6558,7.1126,-4.4568
324,111,Tory Horton,WR,SEA,1,8,7.32,2.6548,7.1126,-4.4578
325,36,Graham Gano,K,NYG,5,5,7.6,2.562,7.0227,-4.4607
326,52,Will Dissly,TE,LAC,5,8,1.9,2.0707,6.5566,-4.4859
327,53,Elijah Higgins,TE,ARI,3,17,2.54,2.0541,6.5566,-4.5025
328,71,Jeremy McNichols,RB,WAS,4,16,3.76,2.6847,7.19,-4.5053
329,54,Foster Moreau,TE,NO,5,7,1.34,2.0467,6.5566,-4.5099
330,55,Daniel Bellinger,TE,NYG,4,13,3.85,2.037,6.5566,-4.5196
331,72,Brashard Smith,RB,KC,1,17,2.99,2.663,7.19,-4.527
332,112,Jalen McMillan,WR,TB,2,4,5.98,2.5719,7.1126,-4.5407
333,73,Emari Demercado,RB,ARI,3,12,4.32,2.6399,7.19,-4.5501
334,56,Mitchell Evans,TE,CAR,1,14,2.76,1.996,6.5566,-4.5606
335,26,Daniel Jones,QB,IND,5,13,18.03,10.474,15.0368,-4.5628
336,74,Ameer Abdullah,RB,IND,5,13,2.15,2.6239,7.19,-4.5661
337,113,Cedric Tillman,WR,CLE,3,12,4.12,2.5256,7.1126,-4.587
338,114,Tutu Atwell,WR,LA,5,8,3.52,2.4875,7.1126,-4.6251
339,57,Adam Trautman,TE,DEN,5,13,2.73,1.9232,6.5566,-4.6334
340,75,Ollie Gordon II,RB,MIA,1,17,2.98,2.5428,7.19,-4.6472
341,76,Devin Neal,RB,NO,1,9,5.72,2.5325,7.19,-4.6575
342,58,Tanner Hudson,TE,CIN,4,10,3.83,1.8988,6.5566,-4.6578
343,115,Isaiah Bond,WR,CLE,1,15,3.05,2.4041,7.1126,-4.7085
344,116,Curtis Samuel,WR,BUF,5,6,2.93,2.3896,7.1126,-4.723
345,117,John Metchie III,WR,NYJ,3,13,4.26,2.3818,7.1126,-4.7308
346,77,AJ Dillon,RB,PHI,4,6,1.27,2.4478,7.19,-4.7422
347,118,Tyquan Thornton,WR,KC,4,12,5.94,2.3422,7.1126,-4.7704
348,119,Marquez Valdes-Scantling,WR,PIT,5,9,2.78,2.3325,7.1126,-4.7801
349,59,Davis Allen,TE,LA,3,15,3.39,1.7101,6.5566,-4.8465
350,78,Kyle Juszczyk,RB,SF,5,16,2.81,2.3222,7.19,-4.8678
351,60,Greg Dulcich,TE,MIA,4,9,5.53,1.6761,6.5566,-4.8805
352,61,Luke Musgrave,TE,GB,3,13,2.86,1.6729,6.5566,-4.8837
353,37,Spencer Shrader,K,IND,2,5,11.2,2.1309,7.0227,-4.8918
354,120,Jaylin Lane,WR,WAS,1,15,2.75,2.1721,7.1126,-4.9405
355,121,Chris Moore,WR,WAS,4,10,3.31,2.15,7.1126,-4.9626
356,122,Ray-Ray McCloud,WR,NYG,5,6,1.73,2.1447,7.1126,-4.9679
357,38,John Parker Romo,K,ATL,2,7,6.29,2.0391,7.0227,-4.9836
358,123,Kyle Williams,WR,NE,1,14,3.16,2.1187,7.1126,-4.9939
359,124,Noah Brown,WR,WAS,5,4,2.7,2.1009,7.1126,-5.0117
360,62,Jeremy Ruckert,TE,NYJ,4,14,2.53,1.4446,6.5566,-5.112
361,63,Elijah Arroyo,TE,SEA,1,13,2.26,1.4378,6.5566,-5.1188
362,64,Mo Alie-Cox,TE,IND,5,11,2.2,1.4373,6.5566,-5.1193
363,65,Brock Wright,TE,DET,5,8,3.73,1.4199,6.5566,-5.1367
364,125,Dyami Brown,WR,JAX,5,11,3.61,1.9599,7.1126,-5.1527
365,79,Audric Estimé,RB,NO,2,5,8.42,2.0364,7.19,-5.1536
366,80,Keaton Mitchell,RB,BAL,3,13,3.92,2.0332,7.19,-5.1568
367,81,Cam Akers,RB,SEA,5,4,1.79,2.0322,7.19,-5.1578
368,126,Josh Reynolds,WR,NYJ,5,5,3.52,1.93,7.1126,-5.1826
369,127,Luke McCaffrey,WR,WAS,2,9,5.09,1.9295,7.1126,-5.1831
370,66,Luke Schoonmaker,TE,DAL,3,14,1.44,1.3731,6.5566,-5.1835
371,67,Drew Sample,TE,CIN,5,12,2.03,1.2232,6.5566,-5.3334
372,68,Charlie Kolar,TE,BAL,4,13,2.4,1.2149,6.5566,-5.3417
373,82,Jaylen Wright,RB,MIA,2,9,5.08,1.8405,7.19,-5.3495
374,128,David Sills,WR,ATL,3,12,3.34,1.7446,7.1126,-5.368
375,83,Trey Benson,RB,ARI,2,4,7.22,1.8218,7.19,-5.3682
376,129,Hunter Renfrow,WR,CAR,4,6,4.73,1.7438,7.1126,-5.3688
377,130,Zay Jones,WR,ARI,5,6,4.05,1.7403,7.1126,-5.3723
378,69,Johnny Mundt,TE,JAX,5,12,1.3,1.1809,6.5566,-5.3757
379,70,Grant Calcaterra,TE,PHI,4,9,2.01,1.1364,6.5566,-5.4202
380,131,Jack Bech,WR,LV,1,14,2.31,1.6682,7.1126,-5.4444
381,84,Roschon Johnson,RB,CHI,3,6,0.28,1.7224,7.19,-5.4676
382,71,Josh Whyle,TE,GB,3,6,2.02,1.0798,6.5566,-5.4768
383,72,Kylen Granson,TE,PHI,5,12,0.62,1.0655,6.5566,-5.4911
384,132,Jordan Whittington,WR,LA,2,15,1.82,1.6184,7.1126,-5.4942
385,133,Tyler Johnson,WR,NYJ,4,9,3.52,1.6045,7.1126,-5.5081
386,134,Lil'Jordan Humphrey,WR,DEN,5,7,4.01,1.6042,7.1126,-5.5084
387,39,Matthew Wright,K,HOU,5,4,5.5,1.5114,7.0227,-5.5113
388,85,Braelon Allen,RB,NYJ,2,4,3.57,1.6747,7.19,-5.5153
389,40,Ben Sauls,K,NYG,1,3,10.67,1.4782,7.0227,-5.5445
390,135,Isaiah Williams,WR,NYJ,2,15,3.05,1.5554,7.1126,-5.5572
391,86,Dameon Pierce,RB,KC,4,5,0.72,1.6128,7.19,-5.5772
392,73,Julian Hill,TE,MIA,3,11,2.14,0.9702,6.5566,-5.5864
393,74,John Bates,TE,WAS,5,10,2.18,0.9699,6.5566,-5.5867
394,87,Khalil Herbert,RB,NYJ,5,5,1.22,1.5586,7.19,-5.6314
395,136,Justin Watson,WR,HOU,4,3,1.5,1.4786,7.1126,-5.634
396,75,Luke Farrell,TE,SF,5,13,1.85,0.9149,6.5566,-5.6417
397,76,Ben Sinnott,TE,WAS,2,9,2.54,0.8823,6.5566,-5.6743
398,77,Cade Stover,TE,HOU,2,6,2.32,0.8783,6.5566,-5.6783
399,137,Tyrell Shavers,WR,BUF,2,11,3.45,1.4338,7.1126,-5.6788
400,88,Zavier Scott,RB,MIN,1,11,2.93,1.508,7.19,-5.682
401,89,Malik Davis,RB,DAL,3,10,3.96,1.5018,7.19,-5.6882
402,138,Xavier Smith,WR,LA,2,16,2.46,1.4005,7.1126,-5.7121
403,78,Brevyn Spann-Ford,TE,DAL,2,16,1.22,0.8248,6.5566,-5.7318
404,79,Hunter Long,TE,JAX,5,7,3.79,0.8177,6.5566,-5.7389
405,80,Durham Smythe,TE,CHI,5,7,0.64,0.8162,6.5566,-5.7404
406,81,Nate Adkins,TE,DEN,3,6,2.3,0.811,6.5566,-5.7456
407,139,Cedrick Wilson Jr.,WR,MIA,5,6,1.15,1.3648,7.1126,-5.7478
408,140,Roman Wilson,WR,PIT,1,9,3.62,1.362,7.1126,-5.7506
409,90,Isaac Guerendo,RB,SF,2,7,0.0,1.4391,7.19,-5.7509
410,91,Kendre Miller,RB,NO,3,7,4.4,1.4301,7.19,-5.7599
411,27,Kyler Murray,QB,ARI,5,5,16.16,9.2466,15.0368,-5.7902
412,92,Chris Brooks,RB,GB,3,17,1.54,1.372,7.19,-5.818
413,82,Andrew Ogletree,TE,IND,3,11,0.97,0.7219,6.5566,-5.8347
414,141,Mitchell Tinsley,WR,CIN,1,8,3.45,1.264,7.1126,-5.8486
415,83,Stone Smartt,TE,NYJ,4,6,1.45,0.6768,6.5566,-5.8798
416,93,Dare Ogunbowale,RB,HOU,5,14,1.36,1.31,7.19,-5.88
417,84,Ian Thomas,TE,LV,5,9,1.99,0.6642,6.5566,-5.8924
418,142,Jimmy Horn Jr.,WR,CAR,1,10,2.32,1.2162,7.1126,-5.8964
419,94,Hunter Luepke,RB,DAL,3,14,2.18,1.2582,7.19,-5.9318
420,85,Robert Tonyan,TE,KC,4,2,0.3,0.6241,6.5566,-5.9325
421,86,Harrison Bryant,TE,HOU,5,5,0.34,0.6189,6.5566,-5.9377
422,41,Lucas Havrisik,K,GB,2,3,6.67,1.0582,7.0227,-5.9645
423,143,Treylon Burks,WR,WAS,4,8,3.0,1.1303,7.1126,-5.9823
424,87,Eric Saubert,TE,SEA,5,9,0.79,0.556,6.5566,-6.0006
425,144,Isaiah Hodgins,WR,NYG,4,6,3.75,1.1063,7.1126,-6.0063
426,145,David Moore,WR,CAR,4,3,0.73,1.1047,7.1126,-6.0079
427,88,Lucas Krull,TE,DEN,3,2,1.25,0.5479,6.5566,-6.0087
428,89,Quintin Morris,TE,JAX,4,11,1.32,0.5315,6.5566,-6.0251
429,146,Kevin Austin Jr.,WR,NO,2,5,5.3,1.0795,7.1126,-6.0331
430,90,John FitzPatrick,TE,GB,3,11,1.75,0.5216,6.5566,-6.035
431,147,Bo Melton,WR,GB,3,13,1.71,1.0479,7.1126,-6.0647
432,95,Connor Heyward,RB,PIT,4,14,1.85,1.0873,7.19,-6.1027
433,91,Albert Okwuegbunam,TE,LV,4,1,6.1,0.4494,6.5566,-6.1072
434,92,Payne Durham,TE,TB,3,8,0.2,0.4421,6.5566,-6.1145
435,96,LeQuint Allen Jr.,RB,JAX,1,16,1.24,1.0739,7.19,-6.1161
436,93,Tanner Conner,TE,MIA,3,8,1.7,0.4347,6.5566,-6.1219
437,148,Savion Williams,WR,GB,1,12,1.71,0.978,7.1126,-6.1346
438,97,Ty Chandler,RB,MIN,4,3,2.43,1.0527,7.19,-6.1373
439,149,Malachi Corley,WR,CLE,2,12,2.17,0.9681,7.1126,-6.1445
440,28,Tyler Shough,QB,NO,1,11,14.91,8.883,15.0368,-6.1538
441,150,Devontez Walker,WR,BAL,2,8,4.33,0.9571,7.1126,-6.1555
442,151,Dante Pettis,WR,NO,4,8,1.9,0.9465,7.1126,-6.1661
443,94,Pharaoh Brown,TE,ARI,5,5,0.22,0.3884,6.5566,-6.1682
444,98,Clyde Edwards-Helaire,RB,KC,5,2,1.6,1.0145,7.19,-6.1755
445,95,Jack Stoll,TE,NO,5,9,1.51,0.381,6.5566,-6.1756
446,152,Konata Mumpfield,WR,LA,1,10,2.02,0.9363,7.1126,-6.1763
447,153,Gunner Olszewski,WR,NYG,4,16,1.8,0.9258,7.1126,-6.1868
448,99,Zamir White,RB,LV,4,5,1.52,0.991,7.19,-6.199
449,154,Jahdae Walker,WR,CHI,1,6,3.95,0.9092,7.1126,-6.2034
450,155,Dont'e Thornton Jr.,WR,LV,1,11,1.68,0.9082,7.1126,-6.2044
451,96,Anthony Firkser,TE,DET,4,5,1.86,0.3482,6.5566,-6.2084
452,97,Josiah Deguara,TE,ARI,5,7,1.37,0.348,6.5566,-6.2086
453,100,Raheim Sanders,RB,CLE,1,4,4.7,0.9802,7.19,-6.2098
454,98,Will Mallory,TE,IND,3,1,2.1,0.3441,6.5566,-6.2125
455,101,Jawhar Jordan,RB,HOU,1,4,6.55,0.9769,7.19,-6.2131
456,99,Jelani Woods,TE,NYJ,2,2,0.45,0.3391,6.5566,-6.2175
457,156,Ashton Dulin,WR,IND,4,12,1.46,0.8943,7.1126,-6.2183
458,102,Jaret Patterson,RB,LAC,3,6,4.03,0.969,7.19,-6.221
459,157,Theo Wease Jr.,WR,MIA,1,3,7.63,0.8916,7.1126,-6.221
460,100,Charlie Woerner,TE,ATL,5,7,1.26,0.3288,6.5566,-6.2278
461,158,Jonathan Mingo,WR,DAL,3,5,0.6,0.8645,7.1126,-6.2481
462,101,David Martin-Robinson,TE,TEN,2,11,1.0,0.3024,6.5566,-6.2542
463,103,Tyler Badie,RB,DEN,3,16,1.62,0.9117,7.19,-6.2783
464,159,Malik Heath,WR,GB,3,7,1.66,0.8288,7.1126,-6.2838
465,104,Elijah Mitchell,RB,KC,4,1,0.0,0.9038,7.19,-6.2862
466,105,Chase Edmonds,RB,WAS,4,3,0.0,0.8789,7.19,-6.3111
467,102,James Mitchell,TE,CAR,3,2,2.15,0.244,6.5566,-6.3126
468,160,Ben Skowronek,WR,PIT,5,16,0.93,0.7905,7.1126,-6.3221
469,103,Shane Zylstra,TE,DET,4,1,3.5,0.2144,6.5566,-6.3422
470,104,Devin Culp,TE,TB,2,4,1.77,0.2138,6.5566,-6.3428
471,161,Brycen Tremayne,WR,CAR,2,15,1.53,0.7613,7.1126,-6.3513
472,105,Blake Whiteheart,TE,CLE,2,9,0.16,0.202,6.5566,-6.3546
473,106,Ben Sims,TE,MIN,3,3,1.5,0.1989,6.5566,-6.3577
474,162,Mecole Hardman,WR,BUF,5,2,-1.0,0.7327,7.1126,-6.3799
475,107,Marcedes Lewis,TE,DEN,5,1,0.0,0.174,6.5566,-6.3826
476,163,Ryan Miller,WR,TB,2,9,1.16,0.729,7.1126,-6.3836
477,164,Skyy Moore,WR,SF,4,17,0.72,0.7257,7.1126,-6.3869
478,108,Tip Reiman,TE,ARI,2,3,1.1,0.1696,6.5566,-6.387
479,109,Brenden Bates,TE,CLE,2,5,1.36,0.1689,6.5566,-6.3877
480,106,D'Ernest Johnson,RB,NE,5,5,0.5,0.8007,7.19,-6.3893
481,165,Jake Bobo,WR,SEA,3,5,0.6,0.7164,7.1126,-6.3962
482,110,Tucker Fisk,TE,LAC,3,4,0.72,0.1597,6.5566,-6.3969
483,111,Chris Manhertz,TE,NYG,5,4,0.3,0.1581,6.5566,-6.3985
484,166,Devin Duvernay,WR,CHI,5,17,0.21,0.7084,7.1126,-6.4042
485,107,Alec Ingold,RB,MIA,5,9,1.12,0.7643,7.19,-6.4257
486,112,Teagan Quitoriano,TE,ATL,3,2,0.0,0.1274,6.5566,-6.4292
487,113,Cam Grandy,TE,CIN,2,2,0.85,0.1237,6.5566,-6.4329
488,114,Moliki Matavao,TE,NO,1,1,2.0,0.1176,6.5566,-6.439
489,167,Mason Tipton,WR,NO,2,8,1.86,0.6718,7.1126,-6.4408
490,168,Braxton Berrios,WR,HOU,5,4,1.68,0.669,7.1126,-6.4436
491,169,Trent Sherfield,WR,ARI,5,4,0.9,0.669,7.1126,-6.4436
492,108,Hassan Haskins,RB,LAC,3,11,0.73,0.7432,7.19,-6.4468
493,109,Trey Sermon,RB,PIT,5,3,0.0,0.74,7.19,-6.45
494,110,Tyler Goodson,RB,IND,3,10,0.42,0.7345,7.19,-6.4555
495,170,Derius Davis,WR,LAC,3,11,0.05,0.6513,7.1126,-6.4613
496,171,Scott Miller,WR,PIT,5,5,2.14,0.6504,7.1126,-6.4622
497,172,Parris Campbell,WR,DAL,5,1,0.0,0.6429,7.1126,-6.4697
498,115,Ko Kieft,TE,TB,4,2,0.0,0.08,6.5566,-6.4766
499,111,Andrew Beck,RB,NYJ,5,11,1.82,0.7131,7.19,-6.4769
500,116,Keleki Latu,TE,BUF,1,3,1.83,0.0797,6.5566,-6.4769
501,117,Ben Yurosek,TE,MIN,1,6,0.4,0.0779,6.5566,-6.4787
502,118,Ross Dwelley,TE,DET,5,4,0.43,0.0776,6.5566,-6.479
503,173,KhaDarel Hodge,WR,ATL,5,8,0.57,0.6331,7.1126,-6.4795
504,174,Darius Cooper,WR,PHI,1,6,2.28,0.6246,7.1126,-6.488
505,119,Colson Yankoff,TE,WAS,2,10,0.28,0.0674,6.5566,-6.4892
506,120,Zaire Mitchell-Paden,TE,NO,1,3,0.9,0.0634,6.5566,-6.4932
507,121,Giovanni Ricci,TE,DET,4,2,0.0,0.0567,6.5566,-6.4999
508,175,Tylan Wallace,WR,BAL,5,11,1.14,0.6091,7.1126,-6.5035
509,122,Drake Dabney,TE,GB,1,1,0.8,0.0471,6.5566,-6.5095
510,112,Jaydon Blue,RB,DAL,1,5,3.98,0.6739,7.19,-6.5161
511,176,DeAndre Carter,WR,CLE,5,4,0.0,0.5832,7.1126,-6.5294
512,177,Jalin Hyatt,WR,NYG,3,6,1.0,0.5809,7.1126,-6.5317
513,123,Feleipe Franks,TE,ATL,4,10,0.04,0.0186,6.5566,-6.538
514,124,Jared Wiley,TE,KC,2,2,0.45,0.0164,6.5566,-6.5402
515,178,Jamari Thrash,WR,CLE,2,8,1.96,0.5705,7.1126,-6.5421
516,125,Jack Westover,TE,NE,1,4,0.12,0.0044,6.5566,-6.5522
517,126,Carter Runyon,TE,LV,1,3,0.27,0.0009,6.5566,-6.5557
518,127,Brayden Willis,TE,SF,3,6,0.0,0.0,6.5566,-6.5566
519,128,Cameron Latu,TE,PHI,1,10,0.0,0.0,6.5566,-6.5566
520,129,Hayden Rucci,TE,MIA,1,1,0.0,0.0,6.5566,-6.5566
521,130,Justin Shorter,TE,LV,2,3,0.0,0.0,6.5566,-6.5566
522,131,Nick Kallerup,TE,SEA,1,4,0.0,0.0,6.5566,-6.5566
523,132,Nikola Kalinic,TE,CHI,2,2,0.0,0.0,6.5566,-6.5566
524,133,Princeton Fant,TE,DAL,2,1,0.0,0.0,6.5566,-6.5566
525,134,Thomas Fidone II,TE,NYG,1,1,0.0,0.0,6.5566,-6.5566
526,135,Travis Vokolek,TE,ARI,1,1,0.0,0.0,6.5566,-6.5566
527,179,Jamal Agnew,WR,ATL,4,11,-0.18,0.5553,7.1126,-6.5573
528,180,KeAndre Lambert-Smith,WR,LAC,1,10,1.36,0.5391,7.1126,-6.5735
529,113,Rasheen Ali,RB,BAL,2,15,1.31,0.6109,7.19,-6.5791
530,136,Sal Cannella,TE,CLE,1,2,1.05,-0.025,6.5566,-6.5816
531,114,Nyheim Hines,RB,NO,3,4,-0.05,0.6078,7.19,-6.5822
532,181,DJ Turner,WR,LV,4,1,0.0,0.5276,7.1126,-6.585
533,137,E.J. Jenkins,TE,PHI,2,1,0.0,-0.0285,6.5566,-6.5851
534,182,Jalen Brooks,WR,ARI,3,5,0.92,0.5263,7.1126,-6.5863
535,115,Will Shipley,RB,PHI,2,14,0.93,0.6001,7.19,-6.5899
536,183,Robbie Chosen,WR,WAS,5,3,2.6,0.5178,7.1126,-6.5948
537,116,Phil Mafah,RB,DAL,1,1,9.9,0.5824,7.19,-6.6076
538,184,Arian Smith,WR,NYJ,1,13,0.77,0.5021,7.1126,-6.6105
539,117,George Holani,RB,SEA,2,10,1.98,0.5751,7.19,-6.6149
540,185,Efton Chism III,WR,NE,1,8,1.88,0.488,7.1126,-6.6246
541,118,C.J. Ham,RB,MIN,5,8,1.82,0.5639,7.19,-6.6261
542,29,Justin Fields,QB,NYJ,5,9,15.96,8.3909,15.0368,-6.6459
543,42,Jude McAtamney,K,NYG,2,4,3.0,0.3528,7.0227,-6.6699
544,119,Craig Reynolds,RB,DET,5,5,0.08,0.5107,7.19,-6.6793
545,30,Kirk Cousins,QB,ATL,5,10,10.85,8.3449,15.0368,-6.6919
546,120,DeeJay Dallas,RB,JAX,5,5,0.42,0.4903,7.19,-6.6997
547,186,Gage Larvadain,WR,CLE,1,13,0.68,0.41,7.1126,-6.7026
548,121,Trevor Etienne,RB,CAR,1,17,0.6,0.4694,7.19,-6.7206
549,187,Kameron Johnson,WR,TB,2,17,0.92,0.3867,7.1126,-6.7259
550,188,Casey Washington,WR,ATL,2,5,2.48,0.3638,7.1126,-6.7488
551,189,Xavier Gipson,WR,PHI,3,6,-0.4,0.3598,7.1126,-6.7528
552,190,Shedrick Jackson,WR,LV,2,3,4.63,0.3484,7.1126,-6.7642
553,122,Kaleb Johnson,RB,PIT,1,10,0.83,0.405,7.19,-6.785
554,123,DJ Giddens,RB,IND,1,5,1.92,0.3893,7.19,-6.8007
555,191,Cody White,WR,SEA,4,8,2.06,0.31,7.1126,-6.8026
556,192,Tay Martin,WR,WAS,3,2,1.65,0.3041,7.1126,-6.8085
557,193,Xavier Weaver,WR,ARI,2,7,1.46,0.3007,7.1126,-6.8119
558,31,Jacoby Brissett,QB,ARI,5,14,16.82,8.2183,15.0368,-6.8185
559,194,River Cracraft,WR,WAS,5,2,0.0,0.2936,7.1126,-6.819
560,195,Deven Thompkins,WR,ATL,4,7,0.67,0.2927,7.1126,-6.8199
561,196,Dylan Drummond,WR,ATL,1,6,1.28,0.282,7.1126,-6.8306
562,124,Trayveon Williams,RB,CLE,5,6,2.18,0.3535,7.19,-6.8365
563,125,Terrell Jennings,RB,NE,2,6,2.45,0.3441,7.19,-6.8459
564,126,Myles Gaskin,RB,SEA,4,1,0.6,0.3375,7.19,-6.8525
565,127,Adam Prentice,RB,DEN,5,13,0.98,0.3362,7.19,-6.8538
566,128,Ronnie Rivers,RB,LA,4,6,0.77,0.3206,7.19,-6.8694
567,129,Corey Kiner,RB,ARI,1,4,2.08,0.3179,7.19,-6.8721
568,197,Dee Eskridge,WR,MIA,5,11,0.56,0.2394,7.1126,-6.8732
569,198,Charlie Jones,WR,CIN,3,14,0.43,0.2324,7.1126,-6.8802
570,199,Michael Bandy,WR,DEN,4,4,2.75,0.2225,7.1126,-6.8901
571,200,Xavier Restrepo,WR,TEN,1,2,2.8,0.2163,7.1126,-6.8963
572,201,James Proche,WR,TEN,5,6,1.58,0.212,7.1126,-6.9006
573,202,Quentin Skinner,WR,NYJ,1,1,3.5,0.2059,7.1126,-6.9067
574,130,Jordan Mims,RB,TEN,3,1,0.0,0.2794,7.19,-6.9106
575,131,Kene Nwangwu,RB,NYJ,5,10,1.09,0.273,7.19,-6.917
576,132,Julius Chestnut,RB,TEN,4,16,0.25,0.2687,7.19,-6.9213
577,133,Tahj Brooks,RB,CIN,1,12,0.49,0.2687,7.19,-6.9213
578,203,Bryce Oliver,WR,TEN,2,2,0.65,0.1845,7.1126,-6.9281
579,204,Jacoby Jones,WR,WAS,1,1,3.0,0.1765,7.1126,-6.9361
580,205,Jared Wayne,WR,HOU,1,1,3.0,0.1765,7.1126,-6.9361
581,206,Samori Toure,WR,NO,3,1,0.8,0.1749,7.1126,-6.9377
582,207,Tai Felton,WR,MIN,1,12,0.33,0.1743,7.1126,-6.9383
583,208,Laquon Treadwell,WR,IND,4,6,0.0,0.1716,7.1126,-6.941
584,134,Patrick Ricard,RB,BAL,5,5,0.32,0.2484,7.19,-6.9416
585,209,Velus Jones Jr.,WR,SEA,4,5,0.64,0.1705,7.1126,-6.9421
586,135,Evan Hull,RB,NO,2,6,0.98,0.2476,7.19,-6.9424
587,136,Travis Homer,RB,CHI,5,8,-0.03,0.2378,7.19,-6.9522
588,210,Austin Trammell,WR,JAX,4,6,1.02,0.1592,7.1126,-6.9534
589,137,Eric Gray,RB,NYG,3,1,0.0,0.2274,7.19,-6.9626
590,211,Ronnie Bell,WR,NO,3,2,4.65,0.1481,7.1126,-6.9645
591,212,Jakobie Keeney-James,WR,GB,1,1,2.5,0.1471,7.1126,-6.9655
592,213,Tim Jones,WR,JAX,4,2,1.0,0.1461,7.1126,-6.9665
593,214,Tom Kennedy,WR,DET,4,6,0.93,0.1425,7.1126,-6.9701
594,215,Simi Fehoko,WR,ARI,4,7,0.0,0.1346,7.1126,-6.978
595,216,Jordan Watkins,WR,SF,1,2,1.8,0.1269,7.1126,-6.9857
596,217,Nikko Remigio,WR,KC,2,14,0.26,0.1235,7.1126,-6.9891
597,218,Mason Kinsey,WR,TEN,5,6,0.97,0.1167,7.1126,-6.9959
598,219,Britain Covey,WR,PHI,4,6,0.5,0.107,7.1126,-7.0056
599,220,Dareke Young,WR,SEA,4,8,0.72,0.1067,7.1126,-7.0059
600,221,Jason Brownlee,WR,KC,2,3,0.0,0.1059,7.1126,-7.0067
601,222,Beaux Collins,WR,NYG,1,4,0.88,0.0953,7.1126,-7.0173
602,138,British Brooks,RB,HOU,2,8,0.97,0.1575,7.19,-7.0325
603,223,Malik Turner,WR,SF,3,2,0.0,0.08,7.1126,-7.0326
604,224,Andre Baccellia,WR,ARI,3,4,0.45,0.0761,7.1126,-7.0365
605,139,Nate Carter,RB,ATL,1,2,2.0,0.1504,7.19,-7.0396
606,225,Alex Bachman,WR,LV,3,11,0.2,0.0723,7.1126,-7.0403
607,226,Anthony Gould,WR,IND,2,11,0.15,0.0631,7.1126,-7.0495
608,140,Gary Brightwell,RB,CIN,5,2,0.0,0.1292,7.19,-7.0608
609,141,Reggie Gilliam,RB,BUF,5,11,0.35,0.1242,7.19,-7.0658
610,227,Steven Sims,WR,ARI,4,3,0.0,0.0415,7.1126,-7.0711
611,142,Jacardia Wright,RB,SEA,1,1,2.0,0.1176,7.19,-7.0724
612,143,Avery Williams,RB,NYJ,4,1,0.0,0.1027,7.19,-7.0873
613,144,Sione Vaki,RB,DET,2,8,0.05,0.0983,7.19,-7.0917
614,228,Malik Cunningham,WR,DET,2,1,0.1,0.0047,7.1126,-7.1079
615,229,Coleman Owen,WR,IND,1,2,0.0,0.0,7.1126,-7.1126
616,230,Dalen Cambre,WR,NYG,1,3,0.0,0.0,7.1126,-7.1126
617,231,Dalevon Campbell,WR,CAR,1,1,0.0,0.0,7.1126,-7.1126
618,232,Dominic Lovett,WR,DET,1,2,0.0,0.0,7.1126,-7.1126
619,233,Jalen Moreno-Cropper,WR,DAL,1,2,0.0,0.0,7.1126,-7.1126
620,234,Jeshaun Jones,WR,MIN,1,1,0.0,0.0,7.1126,-7.1126
621,235,Kaden Davis,WR,CLE,2,1,0.0,0.0,7.1126,-7.1126
622,236,Chris Blair,WR,ATL,2,1,0.0,-0.0087,7.1126,-7.1213
623,237,Jalen Royals,WR,KC,1,2,0.7,-0.0166,7.1126,-7.1292
624,145,Amar Johnson,RB,LAC,1,1,0.8,0.0471,7.19,-7.1429
625,146,Jacob Saylors,RB,DET,1,11,0.1,0.0315,7.19,-7.1585
626,147,Jakob Johnson,RB,HOU,5,2,0.0,0.0226,7.19,-7.1674
627,148,Kalel Mullings,RB,TEN,1,4,0.17,0.0206,7.19,-7.1694
628,149,Kendall Milton,RB,CIN,1,1,0.2,0.0118,7.19,-7.1782
629,238,Ke'Shawn Williams,WR,CIN,1,11,0.0,-0.0763,7.1126,-7.1889
630,150,Brady Russell,RB,SEA,3,10,0.0,0.0,7.19,-7.19
631,151,Lew Nichols III,RB,PIT,1,1,0.0,0.0,7.19,-7.19
632,152,Robbie Ouzts,RB,SEA,1,4,0.0,0.0,7.19,-7.19
633,153,Ulysses Bentley IV,RB,IND,1,1,0.0,0.0,7.19,-7.19
634,154,Owen Wright,RB,TB,1,2,0.3,-0.0071,7.19,-7.1971
635,155,Josh Williams,RB,TB,1,2,0.55,-0.0131,7.19,-7.2031
636,239,Tahj Washington,WR,MIA,1,2,1.6,-0.0946,7.1126,-7.2072
637,156,Dylan Laube,RB,LV,2,17,0.13,-0.0379,7.19,-7.2279
638,240,LaJohntay Wester,WR,BAL,1,14,-0.14,-0.1711,7.1126,-7.2837
639,157,Brittain Brown,RB,CHI,2,2,4.85,-0.1025,7.19,-7.2925
640,241,Myles Price,WR,MIN,1,16,-0.38,-0.4336,7.1126,-7.5462
641,32,J.J. McCarthy,QB,MIN,1,10,13.74,7.272,15.0368,-7.7648
642,33,Mac Jones,QB,SF,5,11,12.37,6.9028,15.0368,-8.134
643,34,Russell Wilson,QB,NYG,5,6,8.81,6.7874,15.0368,-8.2494
644,35,Joe Flacco,QB,CIN,5,13,12.05,6.5657,15.0368,-8.4711
645,36,Michael Penix Jr.,QB,ATL,2,9,13.7,4.9375,15.0368,-10.0993
646,37,Spencer Rattler,QB,NO,2,9,11.52,4.9105,15.0368,-10.1263
647,38,Marcus Mariota,QB,WAS,5,10,13.25,4.7165,15.0368,-10.3203
648,39,Shedeur Sanders,QB,CLE,1,8,11.86,4.5981,15.0368,-10.4387
649,40,Dillon Gabriel,QB,CLE,1,10,7.21,3.5176,15.0368,-11.5192
650,41,Anthony Richardson,QB,IND,3,2,0.83,3.1618,15.0368,-11.875
651,42,Carson Wentz,QB,MIN,5,5,15.07,3.1191,15.0368,-11.9177
652,43,Gardner Minshew,QB,KC,5,4,0.17,3.0305,15.0368,-12.0063
653,44,Jameis Winston,QB,NYG,5,3,14.93,2.7749,15.0368,-12.2619
654,45,Davis Mills,QB,HOU,5,6,11.6,2.6861,15.0368,-12.3507
655,46,Aidan O'Connell,QB,LV,3,1,4.78,2.633,15.0368,-12.4038
656,47,Jake Browning,QB,CIN,3,5,11.35,2.5087,15.0368,-12.5281
657,48,Tyrod Taylor,QB,NYJ,5,6,10.74,2.4168,15.0368,-12.62
658,49,Zach Wilson,QB,MIA,4,4,0.35,2.0652,15.0368,-12.9716
659,50,Tyler Huntley,QB,BAL,5,5,8.03,2.0594,15.0368,-12.9774
660,51,Mason Rudolph,QB,PIT,4,5,3.4,2.0066,15.0368,-13.0302
661,52,Joshua Dobbs,QB,NE,4,4,0.53,1.8644,15.0368,-13.1724
662,53,Cooper Rush,QB,BAL,5,4,1.43,1.8258,15.0368,-13.211
663,54,Jimmy Garoppolo,QB,LA,5,3,-0.33,1.7923,15.0368,-13.2445
664,55,Brady Cook,QB,NYJ,1,5,7.09,1.7564,15.0368,-13.2804
665,56,Kenny Pickett,QB,LV,4,6,1.62,1.7506,15.0368,-13.2862
666,57,Andy Dalton,QB,CAR,5,4,2.63,1.6869,15.0368,-13.3499
667,58,Quinn Ewers,QB,MIA,1,4,8.92,1.5606,15.0368,-13.4762
668,59,Philip Rivers,QB,IND,1,3,11.55,1.4715,15.0368,-13.5653
669,60,Malik Willis,QB,GB,4,4,12.79,1.4627,15.0368,-13.5741
670,61,Drew Lock,QB,SEA,4,3,0.03,1.2686,15.0368,-13.7682
671,62,Mitchell Trubisky,QB,BUF,5,4,7.78,0.938,15.0368,-14.0988
672,63,Riley Leonard,QB,IND,1,5,6.4,0.8943,15.0368,-14.1425
673,64,Teddy Bridgewater,QB,TB,4,3,0.96,0.6407,15.0368,-14.3961
674,65,Joe Milton III,QB,DAL,2,4,3.08,0.6115,15.0368,-14.4253
675,66,Tanner McKee,QB,PHI,2,4,3.69,0.5161,15.0368,-14.5207
676,67,Josh Johnson,QB,WAS,4,3,8.79,0.5122,15.0368,-14.5246
677,68,Nick Mullens,QB,JAX,5,4,-0.01,0.4974,15.0368,-14.5394
678,69,Trey Lance,QB,LAC,4,4,3.63,0.4656,15.0368,-14.5712
679,70,Tyson Bagent,QB,CHI,3,2,1.29,0.4617,15.0368,-14.5751
680,71,Max Brosmer,QB,MIN,1,7,1.17,0.3587,15.0368,-14.6781
681,72,Jarrett Stidham,QB,DEN,4,1,-0.1,0.2948,15.0368,-14.742
682,73,Shane Buechele,QB,KC,1,1,3.92,0.2306,15.0368,-14.8062
683,74,Chris Oladokun,QB,KC,2,3,3.73,0.1247,15.0368,-14.9121
684,75,Brett Rypien,QB,CIN,4,1,0.0,0.1075,15.0368,-14.9293
685,76,Brandon Allen,QB,TEN,4,1,1.88,0.0573,15.0368,-14.9795
686,77,Kyle Allen,QB,DET,5,2,-0.15,0.0499,15.0368,-14.9869
687,78,Adrian Martinez,QB,SF,1,1,-0.1,-0.0059,15.0368,-15.0427
688,79,Kedon Slovis,QB,ARI,1,2,-0.04,-0.0104,15.0368,-15.0472
689,80,Clayton Tune,QB,GB,3,2,1.49,-0.0991,15.0368,-15.1359
690,81,Jalen Milroe,QB,SEA,1,3,-0.53,-0.2215,15.0368,-15.2583
